Employee_id,first_name,last_name,gender,Salary,Date_of_Birth,Age,Country,Department,Date_of_Joining,Manager_id,Currency
1,Matt,Fritz,Female,102352,23/01/1990,2,Canada,4,09/09/2020,10,INR
2,Yasmeen,Simonnin,Male,108990,27/12/1990,-10,India,10,06/09/2020,6,INR
3,Kally,Lachaize,Male,72198,24/09/1981,59,Sweden,5,24/04/2020,16,AUD
4,Gwendolin,Peidro,Male,95596,09/12/1981,20,China,11,18/01/2020,16,AUD
5,Darb,Gullen,Female,82382,27/06/1991,28,India,3,21/01/2020,11,AUD
6,Estella,Argabrite,Male,94420,12/02/1987,12,India,3,20/06/2020,2,INR
7,Christean,Hatto,Male,71564,17/12/1981,24,Sweden,2,02/05/2020,2,AUD
8,Lorita,Rattenberie,Female,60159,28/10/1992,-8,Japan,6,08/09/2020,11,INR
9,Russ,Leadbitter,Female,101755,26/08/1983,32,Denmark,3,08/11/2020,20,AUD
10,Jennica,Leibold,Male,108861,17/05/1981,-17,China,19,28/08/2020,9,AUD
11,Dulcie,Bance,Female,64020,04/10/1992,31,Canada,8,30/08/2020,20,AUD
12,Den,Fitchett,Female,94373,24/09/1980,1,USA,11,26/04/2020,12,AUD
13,Brooks,Brute,Female,119022,24/04/1992,-12,Brazil,14,22/08/2020,10,INR
14,Chadd,Haldene,Male,83342,05/11/1983,-3,Canada,2,01/10/2020,18,AUD
15,Devondra,Grout,Male,118161,17/03/1983,58,Australia,13,17/03/2020,16,AUD
16,Allys,Coathup,Male,126803,18/12/1987,-8,Canada,8,26/05/2020,3,INR
17,Darell,Cowell,Male,116832,16/01/1986,-10,Brazil,7,08/05/2020,2,INR
18,Kevin,Siebert,Male,62613,27/04/1990,-11,Japan,7,18/10/2020,12,INR
19,Lorne,Assender,Female,127466,09/10/1989,38,USA,18,10/09/2020,2,AUD
20,Ricard,Cowitz,Female,122956,02/04/1988,10,India,7,01/12/2020,8,AUD
21,Joby,Castel,Female,96460,03/02/1987,-4,Brazil,17,18/04/2020,4,INR
22,Jarvis,Morcom,Female,96514,07/12/1980,-14,China,17,20/11/2020,12,AUD
23,Ashlie,Dollard,Male,116426,21/04/1980,9,Sweden,6,08/12/2020,8,INR
24,Ally,Bletso,Male,116601,11/01/1991,18,Germany,19,10/11/2020,13,AUD
25,Gilberte,Tuer,Male,94615,06/03/1986,-11,Canada,3,09/12/2020,6,AUD
26,Phaedra,Digwood,Male,124217,28/01/1987,54,USA,17,05/01/2020,16,AUD
27,Suzy,Peek,Female,115141,26/10/1984,43,Japan,13,14/06/2020,10,INR
28,Lorene,Westell,Female,76699,13/04/1992,13,Brazil,9,12/05/2020,7,AUD
29,Demetria,Larrie,Female,125855,21/08/1990,41,Canada,7,18/01/2020,9,INR
30,Berny,Czaja,Female,117158,09/06/1986,25,Canada,6,19/04/2020,19,INR
31,Germain,Kays,Female,120298,12/12/1991,32,Sweden,4,26/12/2020,15,AUD
32,Sella,Jouning,Female,123396,20/03/1984,49,Australia,17,12/07/2020,14,AUD
33,Kristel,Dosedale,Male,124226,24/03/1990,58,USA,9,01/12/2020,17,AUD
34,Pamela,Bruster,Female,86137,02/03/1989,31,Germany,13,04/09/2020,19,INR
35,Rockwell,Krammer,Male,118934,15/02/1980,22,Brazil,13,10/05/2020,2,INR
36,Raleigh,Bashford,Female,129490,26/01/1985,-8,Australia,11,26/05/2020,10,INR
37,Elbertina,Tovey,Female,122158,18/12/1986,48,Denmark,4,25/09/2020,2,AUD
38,Donica,Purnell,Female,97083,24/01/1980,37,UAE,19,16/12/2020,14,AUD
39,Sherie,Buzek,Male,111449,03/01/1990,-11,India,8,01/07/2020,13,AUD
40,Josias,Macewan,Male,106274,25/11/1981,14,Brazil,10,08/03/2020,17,INR
41,Auberta,Upward,Male,104549,04/09/1982,28,China,17,04/11/2020,13,INR
42,Riane,Cozens,Male,85086,06/08/1987,38,Canada,5,06/01/2020,6,INR
43,Ulberto,Bane,Male,97230,16/05/1991,39,USA,13,17/05/2020,13,INR
44,Eziechiele,Eddies,Female,89043,26/05/1984,-13,Brazil,15,21/06/2020,13,AUD
45,Paulette,Licciardiello,Male,88054,06/10/1981,11,USA,7,21/11/2020,10,AUD
46,Waverley,Macbane,Male,113121,24/01/1986,4,Denmark,3,02/02/2020,4,AUD
47,Marlie,Spowage,Female,112596,19/08/1986,-3,Brazil,18,27/08/2020,19,AUD
48,Lucy,Hyndes,Male,99483,20/09/1989,32,India,11,18/09/2020,18,INR
49,Cortie,Binford,Female,129241,23/11/1981,44,Sweden,10,11/12/2020,7,INR
50,Roselia,Guslon,Female,112879,03/11/1983,48,Japan,8,02/07/2020,17,AUD
51,Nathalie,Antrobus,Female,86195,17/05/1982,43,Canada,7,26/04/2020,16,AUD
52,Nomi,Lemmers,Female,90912,12/06/1984,52,Sweden,17,18/02/2020,12,INR
53,Glori,Covely,Female,118404,17/09/1990,60,USA,12,17/08/2020,15,INR
54,Michaella,Presnell,Female,65800,20/02/1991,-2,China,5,28/04/2020,6,AUD
55,Maxine,Skally,Female,69644,02/02/1990,53,Japan,3,25/10/2020,16,AUD
56,Florentia,Treher,Male,85997,06/10/1988,-11,UAE,10,02/08/2020,9,AUD
57,Corabella,Foynes,Female,65196,11/04/1986,60,Germany,16,04/04/2020,8,INR
58,Teirtza,Iczokvitz,Female,66377,02/12/1991,50,USA,14,14/09/2020,12,INR
59,Nessi,Matthius,Female,122241,24/12/1991,14,Japan,14,15/07/2020,6,AUD
60,Karlen,Schaffler,Female,66057,24/03/1984,4,UAE,15,28/10/2020,18,AUD
61,Coretta,Sabater,Male,101272,13/10/1984,29,China,17,22/04/2020,13,INR
62,Garrek,Henzer,Female,69221,08/05/1983,56,Japan,1,25/03/2020,19,AUD
63,Jessey,Beere,Male,65702,01/08/1990,52,Denmark,9,03/05/2020,15,AUD
64,Ashlee,Kibbel,Female,98753,27/04/1989,47,Denmark,11,07/12/2020,14,INR
65,Adelind,Wornum,Female,63596,03/10/1981,-17,Brazil,17,23/04/2020,3,INR
66,Berry,Elfleet,Female,90975,28/02/1982,-7,Canada,8,22/10/2020,1,AUD
67,Cirillo,Kolis,Female,79352,02/11/1987,10,Sweden,11,16/03/2020,6,AUD
68,Reed,Calvey,Female,73952,24/12/1985,32,Japan,15,29/12/2020,14,INR
69,Allyson,Crosher,Female,116027,02/06/1991,26,Germany,13,05/10/2020,14,AUD
70,Horatius,Oldroyd,Male,110845,17/02/1988,28,Australia,10,25/11/2020,7,AUD
71,Marcille,Crammy,Female,62463,21/02/1982,-6,China,15,12/02/2020,6,INR
72,Emmalynne,De Souza,Male,102063,23/03/1983,12,Canada,16,27/04/2020,9,INR
73,Mufi,Piris,Male,115862,11/02/1990,-2,China,16,28/08/2020,14,AUD
74,Moe,Edgeller,Male,65712,14/12/1984,-1,UAE,13,26/04/2020,5,AUD
75,Bondon,Stillman,Female,104847,26/04/1983,2,Denmark,6,08/08/2020,6,AUD
76,Reed,Shoobridge,Male,70170,13/05/1990,9,Brazil,1,15/10/2020,19,AUD
77,Dalenna,Bunch,Male,119320,31/12/1986,6,Sweden,18,23/06/2020,8,AUD
78,Win,Bohills,Female,83269,18/11/1990,-1,China,18,22/09/2020,2,INR
79,Shanta,Fieldstone,Female,75045,16/10/1989,48,Australia,11,21/07/2020,9,INR
80,Mel,Reeks,Female,81718,05/05/1992,54,Japan,6,10/02/2020,18,AUD
81,Irvin,Rockall,Female,118871,25/06/1991,10,Sweden,20,01/04/2020,12,INR
82,Emmet,Arkle,Male,62354,31/12/1986,-17,Germany,14,20/09/2020,14,INR
83,Eberhard,McCurley,Male,68555,14/03/1981,8,Germany,9,12/11/2020,7,AUD
84,Querida,Gard,Male,112012,03/03/1982,45,Denmark,15,05/03/2020,14,AUD
85,Dody,Kleiner,Male,69649,02/02/1981,45,China,11,02/12/2020,4,INR
86,Kalil,Becraft,Female,103232,08/12/1984,8,China,12,04/11/2020,1,INR
87,Yardley,Glisane,Male,78654,31/05/1991,-15,India,7,28/09/2020,19,INR
88,Freda,Wedlock,Female,93142,20/04/1987,36,Canada,14,27/02/2020,12,INR
89,Ethelda,Scoles,Female,65779,03/03/1989,54,India,18,24/05/2020,2,INR
90,Gustav,Reeve,Male,111766,03/04/1987,56,UAE,6,10/01/2020,18,AUD
91,Schuyler,Honeywood,Male,66652,30/09/1983,1,Japan,13,07/10/2020,10,AUD
92,Karoline,Huxster,Male,97829,29/12/1990,50,Canada,7,25/01/2020,12,AUD
93,Lola,Pollicote,Female,124110,08/12/1982,22,Germany,3,06/05/2020,12,INR
94,Harrison,Fordham,Female,69937,23/07/1987,31,Germany,18,13/01/2020,10,AUD
95,Cilka,Raeburn,Male,88317,19/03/1985,60,China,19,23/04/2020,15,INR
96,Elizabeth,Sighard,Male,82917,27/12/1981,4,China,12,02/05/2020,1,INR
97,Julianna,Lavarack,Female,84215,16/09/1989,31,India,4,01/09/2020,9,AUD
98,Flory,Lockyer,Male,123027,21/03/1987,11,Australia,13,15/07/2020,11,AUD
99,Alon,Nicholes,Male,105878,11/07/1988,-2,Canada,6,27/06/2020,20,AUD
100,Pietra,Fiander,Female,84871,03/05/1982,27,UAE,2,08/02/2020,1,AUD
101,Kayne,Verrall,Male,73176,30/06/1989,38,Denmark,5,23/12/2020,8,INR
102,Helena,Ianitti,Female,82185,27/10/1982,3,UAE,2,21/12/2020,10,AUD
103,Berkie,Treadgear,Female,106658,14/10/1990,-11,UAE,14,19/08/2020,2,INR
104,Sam,Sarfat,Female,86692,27/01/1985,-2,Germany,19,08/03/2020,15,INR
105,Tedie,Oager,Female,107412,03/10/1988,60,Japan,6,08/07/2020,15,AUD
106,Elliott,McGee,Male,127917,05/08/1985,-11,Brazil,7,13/12/2020,2,INR
107,Danika,Clearie,Male,64924,25/10/1980,33,Germany,16,17/12/2020,5,INR
108,Ilse,Tinner,Female,64932,05/08/1992,6,USA,18,13/02/2020,1,AUD
109,Oralla,Boles,Female,107649,09/11/1986,-11,Australia,17,10/07/2020,8,AUD
110,Karly,Le Friec,Male,65587,17/03/1992,56,Sweden,2,21/11/2020,10,INR
111,Josee,Cammack,Female,103873,24/11/1988,37,Denmark,9,17/05/2020,4,INR
112,Orsola,Sallis,Male,79870,27/09/1982,31,China,16,03/12/2020,20,AUD
113,Millard,Provest,Female,65820,26/03/1988,17,China,2,14/04/2020,15,INR
114,Joseito,Chark,Male,104313,03/07/1981,-12,India,11,25/01/2020,15,AUD
115,Dahlia,Cowdrey,Female,105622,25/06/1982,5,UAE,6,19/10/2020,19,INR
116,Linnell,Dumblton,Male,128256,13/08/1980,16,Germany,20,03/06/2020,18,INR
117,Flint,Foulis,Female,126551,10/11/1991,-5,China,18,06/01/2020,17,INR
118,Corey,Hof,Female,125513,01/01/1993,14,China,8,11/10/2020,10,INR
119,Duane,Sherwyn,Male,61258,06/06/1989,-10,Australia,8,12/01/2020,12,AUD
120,Alejandrina,Yelland,Female,117428,13/04/1989,14,Denmark,18,28/01/2020,5,INR
121,Danette,Kempton,Female,128218,07/10/1987,43,Sweden,5,11/07/2020,14,AUD
122,Nalani,Dominec,Male,96505,09/02/1992,35,Germany,4,06/04/2020,13,INR
123,Gretta,Clitherow,Female,99982,24/06/1992,48,UAE,6,05/04/2020,19,INR
124,Roxy,Pedden,Female,87744,31/12/1983,6,Canada,13,12/07/2020,2,INR
125,Kissiah,Walles,Male,71581,03/10/1991,30,Canada,8,21/02/2020,14,INR
126,Meaghan,Wrought,Female,105562,20/09/1981,25,India,3,20/04/2020,15,AUD
127,Sheelagh,Poleykett,Male,86266,16/08/1991,6,Sweden,16,05/03/2020,11,INR
128,Burr,Swayne,Female,123747,01/04/1982,28,USA,1,09/08/2020,6,INR
129,Jodie,Hearons,Female,73719,23/04/1989,50,Sweden,6,23/09/2020,20,INR
130,Kirk,Ashbe,Female,83839,29/04/1990,28,Canada,18,10/09/2020,7,AUD
131,Ambrosio,Grumbridge,Male,85734,13/01/1982,27,Brazil,20,19/11/2020,14,AUD
132,Flemming,McIlvenna,Male,96767,04/06/1983,40,China,8,24/10/2020,10,AUD
133,Ludovico,Grunguer,Male,63742,10/04/1986,41,Germany,2,12/11/2020,11,AUD
134,Dorisa,Tows,Female,109471,23/07/1988,-5,Sweden,1,19/09/2020,2,AUD
135,Aron,Chilton,Female,119466,17/10/1981,46,Japan,7,17/12/2020,6,AUD
136,Mella,Courson,Male,101418,04/11/1982,28,Japan,13,24/03/2020,18,INR
137,Norman,Nickerson,Female,109719,10/01/1982,29,Canada,1,29/07/2020,16,INR
138,Jeddy,Geldard,Female,106508,01/03/1980,3,Brazil,15,04/12/2020,19,INR
139,Gweneth,McNeigh,Male,120093,28/06/1991,-8,Japan,11,27/11/2020,12,INR
140,Rupert,Davidescu,Male,85995,20/04/1981,51,Germany,12,05/01/2020,5,INR
141,Hinda,O'Hannay,Female,128009,20/09/1981,-11,India,15,18/04/2020,14,INR
142,Garnet,Mosby,Female,69230,26/09/1982,-3,Canada,7,24/03/2020,7,INR
143,Ardine,Keary,Female,110864,08/08/1983,7,Denmark,16,03/07/2020,10,INR
144,Annabal,Trevett,Male,69721,20/06/1981,8,Brazil,1,14/02/2020,18,AUD
145,Hillel,Balsdone,Female,66430,08/02/1985,-16,Sweden,13,07/03/2020,20,INR
146,Hyacintha,Ruslin,Female,109496,06/06/1981,53,UAE,14,20/05/2020,13,INR
147,Gaelan,Weyman,Male,85076,06/05/1985,-11,Canada,17,24/01/2020,7,AUD
148,Marne,Di Giorgio,Male,117369,13/11/1986,26,Sweden,18,12/11/2020,13,AUD
149,Willy,Dewfall,Male,122993,16/10/1982,19,China,16,20/06/2020,16,AUD
150,Karlik,Fiddymont,Female,85089,12/06/1988,58,UAE,4,12/03/2020,3,AUD
151,Carlye,Wannell,Female,63833,27/01/1982,3,UAE,8,05/01/2020,8,INR
152,Catlee,Wand,Female,105625,25/01/1985,57,Brazil,4,18/01/2020,7,AUD
153,Liana,Castiglio,Male,113474,30/03/1982,18,UAE,1,22/08/2020,15,INR
154,Lilli,Brooke,Male,120171,15/03/1990,54,India,20,23/01/2020,12,AUD
155,Franz,Haywood,Male,90166,07/09/1985,54,Canada,19,09/07/2020,18,INR
156,Arni,Snoddin,Male,106061,09/02/1980,-13,Canada,10,29/07/2020,16,INR
157,Jaime,Barroux,Female,79383,23/09/1981,12,USA,8,19/09/2020,7,AUD
158,Georgeanne,Pesticcio,Male,100469,01/12/1984,11,China,6,10/05/2020,7,INR
159,Giraldo,Line,Male,124496,29/09/1980,49,UAE,18,28/10/2020,14,INR
160,Jessi,Bredbury,Female,93716,22/09/1987,7,UAE,12,09/06/2020,12,AUD
161,Janifer,Baynton,Female,113979,21/03/1990,-17,Germany,19,18/05/2020,8,AUD
162,Alexa,Pretswell,Female,125353,11/10/1985,49,China,17,03/07/2020,6,AUD
163,Irina,Shortan,Female,111000,04/01/1982,30,Germany,15,10/07/2020,2,INR
164,Jonah,Tuff,Female,87055,30/12/1981,31,Australia,18,07/11/2020,2,AUD
165,Raquel,Alecock,Male,78766,15/12/1989,38,Australia,12,18/01/2020,10,AUD
166,Wally,Longbone,Male,108675,06/09/1988,10,Australia,7,09/07/2020,6,AUD
167,Nobie,Prugel,Female,64121,03/12/1990,33,Japan,15,30/03/2020,1,AUD
168,Corabelle,Blais,Male,121130,15/08/1982,-4,USA,8,19/03/2020,10,INR
169,Friedrich,Morot,Male,119292,09/04/1989,4,Sweden,10,07/08/2020,16,INR
170,Sashenka,O'Kennedy,Male,90952,30/06/1983,57,Denmark,17,23/04/2020,3,INR
171,Jasmina,Tockell,Female,102241,15/08/1992,-1,China,13,18/12/2020,9,AUD
172,Freddie,Rymmer,Male,94679,21/10/1987,-8,Brazil,12,05/06/2020,12,AUD
173,Sherman,Leavry,Male,78652,16/08/1984,54,India,20,11/11/2020,15,AUD
174,Archibaldo,Barratt,Female,92426,27/10/1984,14,Japan,5,01/06/2020,8,AUD
175,Phelia,Henden,Female,106993,07/03/1989,2,Australia,1,03/02/2020,7,INR
176,Matteo,O'Cosgra,Male,79373,20/01/1980,-7,Sweden,15,18/05/2020,8,AUD
177,Ivette,Ferran,Male,98984,10/08/1986,25,China,1,19/05/2020,20,AUD
178,Kaitlin,Stellman,Male,73946,28/03/1988,-14,Sweden,17,15/09/2020,20,AUD
179,Eadie,Lovat,Male,125507,10/12/1980,40,Canada,1,19/02/2020,12,INR
180,Claribel,Janczewski,Female,102943,04/02/1988,45,Japan,11,21/06/2020,20,INR
181,Hermine,Jacquemy,Male,113896,04/07/1985,28,USA,13,27/02/2020,7,AUD
182,Tammi,Hamerton,Male,107057,26/06/1985,46,India,6,15/11/2020,5,AUD
183,Norina,Casemore,Female,115303,09/09/1982,-18,China,5,26/10/2020,13,AUD
184,Xenos,Rayman,Male,106447,27/02/1984,27,USA,15,04/03/2020,16,AUD
185,Shelley,Bugbird,Female,71543,04/12/1982,-16,India,3,26/05/2020,3,AUD
186,Dell,Blowing,Female,117697,30/01/1981,10,China,5,28/10/2020,20,INR
187,Klaus,Walrond,Male,88876,26/11/1990,-18,Canada,10,07/11/2020,7,INR
188,Branden,Zellner,Female,82144,12/07/1981,-1,India,1,20/12/2020,15,AUD
189,Lee,Imos,Male,88713,11/06/1992,-8,Brazil,3,17/09/2020,2,INR
190,Clevey,Hurren,Female,84748,25/06/1981,29,Japan,17,26/10/2020,19,INR
191,Jessalyn,Bamford,Female,83559,13/10/1990,5,India,20,09/08/2020,2,AUD
192,Lacie,Ingyon,Female,118582,29/09/1991,-1,Denmark,16,15/09/2020,7,INR
193,Shelby,Wolledge,Male,65189,19/01/1981,-14,Germany,5,14/04/2020,12,INR
194,Bowie,Cumberbatch,Female,125185,01/05/1980,52,Sweden,9,31/12/2020,16,AUD
195,Linzy,Ambrosetti,Male,81311,21/10/1989,23,UAE,4,22/08/2020,5,INR
196,Jaquith,Beeze,Male,69462,18/08/1986,-18,Japan,1,10/02/2020,8,INR
197,Raquela,Novic,Male,93527,29/01/1992,45,India,13,19/11/2020,19,AUD
198,Lorettalorna,Kless,Female,98952,16/11/1992,-15,Denmark,7,19/10/2020,12,INR
199,Vincent,Oxe,Female,66179,29/07/1991,-2,UAE,7,23/09/2020,19,AUD
200,Rodolfo,Stubbes,Female,68480,26/03/1982,25,Australia,4,20/07/2020,18,INR
201,Lazaro,Ventris,Female,87396,16/08/1989,16,Germany,13,09/12/2020,5,AUD
202,Loni,Sellwood,Female,68062,10/11/1981,19,India,7,08/09/2020,20,INR
203,Skippy,Rivelon,Male,64036,06/05/1988,55,Canada,1,24/09/2020,6,AUD
204,Charlotte,Brotheridge,Male,96210,12/07/1987,11,Canada,10,25/12/2020,12,INR
205,Isobel,Vaune,Male,73105,25/06/1989,33,UAE,4,10/08/2020,16,AUD
206,Mackenzie,Waterhowse,Female,101662,18/02/1989,40,Sweden,1,16/06/2020,14,INR
207,Siward,Seaborn,Male,129774,31/12/1990,14,Germany,18,27/08/2020,20,AUD
208,Dame,Titheridge,Female,84848,11/01/1991,19,USA,3,14/06/2020,15,INR
209,Letty,Lantuff,Female,111024,23/11/1980,27,Denmark,17,19/03/2020,7,INR
210,Jud,Lorey,Female,122085,29/09/1985,-12,India,8,30/11/2020,10,AUD
211,Yehudit,Ledram,Male,118627,19/08/1985,59,USA,17,23/12/2020,17,INR
212,Patin,MacDermid,Female,127700,07/01/1988,3,Australia,16,15/12/2020,7,AUD
213,Bridgette,Baston,Female,111499,23/08/1987,51,Germany,3,25/12/2020,20,AUD
214,Weylin,Lamers,Male,87589,12/04/1981,-4,Brazil,13,04/02/2020,16,AUD
215,Sharla,Dalston,Male,73051,06/06/1992,-2,China,15,20/07/2020,10,AUD
216,Cozmo,Asling,Male,126688,25/08/1981,-13,India,7,30/10/2020,15,AUD
217,Samantha,Batts,Female,96089,31/08/1987,40,Canada,17,02/10/2020,5,AUD
218,Ethel,Bohling,Female,89985,23/12/1982,46,UAE,1,05/05/2020,16,INR
219,Sascha,Suddell,Male,96017,14/01/1991,4,Canada,6,01/10/2020,17,INR
220,Baxy,Peche,Female,86312,28/08/1990,44,USA,5,18/11/2020,20,INR
221,Aundrea,Lemon,Female,117150,18/07/1988,-6,Denmark,16,07/09/2020,6,INR
222,Frederich,Skuce,Female,90458,27/08/1989,54,Brazil,3,10/06/2020,10,AUD
223,Berk,Burnell,Male,65736,26/07/1989,5,Japan,14,06/07/2020,20,INR
224,Neale,Vasilkov,Male,78951,09/10/1981,11,USA,17,21/06/2020,7,INR
225,Rolph,Edlington,Female,124958,21/08/1985,60,Germany,14,17/01/2020,14,AUD
226,Webster,Quenby,Male,114181,07/11/1989,3,India,16,15/07/2020,2,AUD
227,Terry,Nicolls,Male,67326,10/05/1980,13,India,14,01/02/2020,16,AUD
228,Koren,O' Ronan,Female,80735,13/05/1985,37,Sweden,2,25/10/2020,20,AUD
229,Alexandr,Demcak,Female,74136,13/05/1987,-13,Denmark,14,23/12/2020,6,INR
230,Irita,Manning,Female,106598,25/01/1992,49,Canada,19,26/11/2020,12,INR
231,Giordano,Kunc,Female,82340,17/01/1988,-13,Brazil,4,14/04/2020,8,AUD
232,Frederica,Stainton - Skinn,Female,112574,05/11/1987,-3,China,3,27/06/2020,3,AUD
233,Yorgos,Caulder,Male,84578,11/06/1982,39,Brazil,13,07/11/2020,8,INR
234,Costa,Ivasechko,Male,74722,13/08/1988,46,India,7,19/02/2020,3,INR
235,Else,Jorn,Male,89815,19/08/1992,17,Canada,9,04/08/2020,18,INR
236,Hansiain,Bestar,Male,90294,28/05/1981,30,Germany,3,30/07/2020,15,AUD
237,Pierson,Winterburn,Male,107505,15/08/1981,43,Brazil,10,25/04/2020,8,INR
238,Gusta,MacAlpin,Male,118602,04/02/1991,-12,UAE,7,15/04/2020,13,INR
239,Jayme,Neale,Female,89461,14/06/1982,12,Australia,4,15/07/2020,2,AUD
240,Rodger,Mullinger,Male,63849,24/07/1988,55,India,9,28/11/2020,8,AUD
241,Gizela,Sandcraft,Female,128567,28/08/1985,32,Sweden,9,07/07/2020,15,AUD
242,Nels,Jacketts,Female,77432,17/09/1988,-6,Sweden,15,10/03/2020,14,INR
243,Bowie,Simacek,Male,116555,27/12/1990,41,Japan,17,08/06/2020,2,AUD
244,Constantine,Cumine,Male,102227,21/11/1990,58,Germany,15,03/10/2020,10,AUD
245,Carmelia,McQuirter,Female,111816,29/01/1987,12,USA,19,15/08/2020,18,AUD
246,Holden,Levis,Female,113306,29/04/1990,11,Australia,20,27/11/2020,4,INR
247,Laurianne,Novic,Male,114792,15/11/1981,52,USA,4,14/12/2020,10,AUD
248,Dave,Maywood,Male,117949,17/03/1991,-3,Canada,18,29/06/2020,11,AUD
249,Gabbie,Littleproud,Male,113570,07/10/1981,-7,India,12,07/11/2020,10,AUD
250,Amabelle,Coldbreath,Male,91835,11/07/1985,21,Sweden,8,08/11/2020,6,AUD
251,Jaquelyn,Weekly,Male,97508,21/08/1990,9,Japan,19,08/08/2020,9,AUD
252,Eugenio,Treace,Female,71861,06/03/1981,-5,Japan,6,07/04/2020,20,INR
253,Miles,Roskelly,Male,126891,17/12/1987,31,Sweden,20,28/11/2020,12,INR
254,Burch,Whotton,Male,107604,05/08/1991,12,UAE,14,19/11/2020,6,AUD
255,Emmet,Janouch,Female,99233,03/10/1983,56,Japan,11,16/01/2020,9,AUD
256,Dudley,Kenen,Female,105360,07/11/1988,-11,Canada,5,25/09/2020,8,INR
257,Dore,Shyre,Male,65620,31/10/1980,17,UAE,12,23/05/2020,12,INR
258,Spencer,Postlethwaite,Female,129707,17/07/1989,42,UAE,17,20/09/2020,15,INR
259,Rickard,Smorfit,Male,74675,06/05/1983,33,Denmark,7,10/01/2020,7,AUD
260,Forster,De Caville,Male,91396,22/07/1985,-15,Brazil,2,04/05/2020,16,AUD
261,Denys,Ziemke,Female,125697,24/04/1980,23,China,17,27/02/2020,8,INR
262,Loleta,Kelberer,Male,127370,04/04/1989,2,USA,11,27/01/2020,5,AUD
263,Gerry,Dadds,Female,124149,25/05/1981,5,Japan,18,01/07/2020,8,AUD
264,Annabell,Krienke,Male,89910,28/12/1985,3,Sweden,9,22/06/2020,20,AUD
265,Demetrius,Loukes,Male,92078,07/06/1987,12,Brazil,11,01/02/2020,16,AUD
266,Kirsten,Widdecombe,Female,122960,15/01/1989,53,Australia,17,30/04/2020,13,AUD
267,Kassi,Bousquet,Male,66591,07/09/1991,23,Japan,10,16/04/2020,8,AUD
268,Gwennie,Shemming,Male,92853,08/09/1992,47,Japan,2,16/05/2020,7,INR
269,Maxwell,Syversen,Male,79032,09/04/1982,52,Japan,3,04/10/2020,13,INR
270,Dell,Wellbeloved,Male,122222,24/04/1988,-18,UAE,13,26/04/2020,14,INR
271,Abbie,Hardistry,Male,64830,26/05/1991,-14,Denmark,8,02/11/2020,10,INR
272,Lilas,Scurman,Female,81843,07/06/1988,51,Canada,19,13/11/2020,5,INR
273,Giorgi,Chmarny,Female,72029,30/05/1988,-2,China,11,16/04/2020,8,INR
274,Nero,O'Hdirscoll,Male,91028,16/09/1981,35,Germany,7,21/12/2020,20,INR
275,Barron,Endrizzi,Male,61880,23/11/1987,60,Australia,11,23/05/2020,20,AUD
276,Abdul,MacKnockiter,Female,68166,11/09/1985,13,Brazil,5,13/05/2020,1,AUD
277,Akim,Hawker,Female,121263,12/03/1980,25,Germany,18,02/01/2021,13,INR
278,Archibald,Denziloe,Male,89278,31/03/1987,-9,India,9,30/07/2020,8,INR
279,Leshia,Greville,Female,84243,12/07/1984,-8,Canada,6,05/03/2020,4,INR
280,Elane,Ivanikov,Female,78974,22/10/1983,22,India,20,11/04/2020,7,AUD
281,Mickey,Curner,Male,79680,02/04/1986,26,Canada,2,26/05/2020,18,AUD
282,Lawry,Robinson,Female,116425,23/02/1980,2,Denmark,3,29/09/2020,6,AUD
283,Corey,Caller,Male,83573,18/10/1982,30,India,19,12/07/2020,11,INR
284,Helaine,Lillegard,Male,121392,27/09/1992,30,Australia,15,26/09/2020,3,AUD
285,Junina,Stockin,Male,75012,28/10/1987,-4,Brazil,12,05/11/2020,6,AUD
286,Ansel,Hayth,Male,103369,14/04/1989,50,China,1,14/06/2020,6,INR
287,Jeramey,Badrock,Male,122404,13/01/1982,29,Australia,14,06/10/2020,7,INR
288,Dalenna,Brayfield,Male,96575,09/02/1990,-17,Brazil,8,28/02/2020,9,INR
289,Filbert,Gierardi,Female,111559,07/12/1981,3,Denmark,14,24/08/2020,3,AUD
290,Aluin,Dawkins,Female,117569,11/12/1985,41,Germany,18,29/03/2020,4,AUD
291,Juliane,Orteau,Female,115449,23/02/1986,20,India,15,29/11/2020,14,AUD
292,Nancee,Gyorffy,Male,67546,12/11/1984,39,Sweden,1,01/11/2020,15,INR
293,Rosetta,Kinnie,Female,112215,29/08/1982,48,Germany,1,12/12/2020,9,INR
294,Briggs,Greswell,Male,94084,25/04/1991,-9,USA,9,01/10/2020,18,INR
295,Philis,Rockwill,Male,72374,03/05/1982,8,Denmark,17,10/02/2020,18,INR
296,Glory,MacMeeking,Female,96009,30/04/1980,39,Denmark,1,27/02/2020,13,INR
297,Raddy,Sporgeon,Female,95339,20/06/1980,19,Japan,6,02/09/2020,4,AUD
298,Agretha,Valentin,Male,95699,14/01/1985,14,Denmark,1,10/04/2020,13,INR
299,Pierre,Gonthard,Female,80375,10/12/1990,7,Denmark,1,06/05/2020,2,AUD
300,Kayle,Pavic,Male,63386,13/11/1989,13,China,18,06/11/2020,16,AUD
301,Liv,Giovannetti,Male,105707,13/08/1983,46,Germany,19,08/06/2020,11,AUD
302,Sandi,Skuce,Female,95247,22/11/1991,48,Japan,16,30/03/2020,16,AUD
303,Juliann,Mountfort,Male,66802,08/08/1992,8,UAE,9,10/06/2020,3,AUD
304,Joachim,Stothard,Female,64454,09/04/1990,38,Japan,7,30/07/2020,18,INR
305,Lyndy,Benoey,Female,124392,28/11/1986,45,Denmark,1,13/04/2020,13,AUD
306,Margery,Scates,Female,107389,24/01/1985,40,Sweden,19,27/09/2020,14,INR
307,Claybourne,Stoves,Male,98377,23/12/1986,-16,Sweden,16,29/03/2020,19,AUD
308,Deck,Boylund,Female,88922,25/12/1987,54,USA,8,18/11/2020,20,INR
309,Brand,Caren,Male,127366,15/01/1990,-7,Japan,4,30/12/2020,5,AUD
310,Patin,Midgley,Female,111781,28/12/1981,-3,Sweden,4,07/09/2020,14,AUD
311,Ellette,Totterdill,Female,112550,27/04/1992,5,USA,11,31/12/2020,17,AUD
312,Bev,Matthesius,Female,79248,30/09/1988,29,China,11,05/02/2020,1,INR
313,Atlante,Heaseman,Female,66554,30/03/1985,14,Brazil,17,11/02/2020,17,INR
314,Raynard,Stopp,Male,97899,24/07/1983,33,Germany,3,24/05/2020,14,INR
315,Farly,Townsend,Male,117521,24/10/1984,12,Canada,1,10/10/2020,2,AUD
316,Fayre,Lillow,Male,87185,17/12/1992,42,Denmark,12,01/04/2020,8,AUD
317,Chrysler,Cunniam,Female,94361,29/09/1992,-7,Japan,4,22/02/2020,4,AUD
318,Amalea,Bugbird,Female,93090,24/02/1983,24,Germany,5,29/03/2020,11,AUD
319,Ellynn,Tubble,Male,66554,02/07/1986,1,Japan,6,21/03/2020,19,AUD
320,Kay,Djurkovic,Female,84745,04/04/1983,34,USA,19,19/08/2020,9,AUD
321,Obadias,Brenton,Male,63746,21/04/1983,37,Brazil,6,21/12/2020,18,INR
322,Emelia,Slyme,Female,81296,20/05/1983,32,Germany,4,18/11/2020,11,AUD
323,Benedetto,Fields,Male,112047,02/10/1983,-10,UAE,8,03/05/2020,11,INR
324,Juliet,Claypool,Male,68998,06/07/1988,17,Germany,13,14/12/2020,19,INR
325,Duffy,O'Leahy,Male,114810,18/09/1981,32,Denmark,8,08/01/2020,13,AUD
326,Ysabel,McSaul,Female,71506,03/03/1982,6,Sweden,11,02/08/2020,11,INR
327,Farica,Mc Menamin,Male,86190,21/08/1981,34,China,15,06/04/2020,5,AUD
328,Bobby,Broadwell,Male,104371,03/01/1986,39,Australia,12,15/02/2020,20,INR
329,Ninetta,Kleinmann,Female,63166,01/05/1990,55,Japan,17,31/12/2020,5,AUD
330,Pen,Mason,Male,82462,01/10/1990,40,Denmark,16,11/07/2020,20,AUD
331,Shandee,Gladdish,Male,116567,10/03/1991,41,China,3,16/06/2020,2,AUD
332,Garrek,Molyneaux,Male,73390,11/12/1984,34,China,20,07/08/2020,2,INR
333,Coriss,Quinane,Female,96758,07/12/1992,49,USA,5,16/08/2020,4,AUD
334,Pernell,Haker,Female,101822,31/01/1981,18,USA,20,20/11/2020,12,AUD
335,Mike,Ovitz,Female,127768,05/06/1992,59,India,7,31/12/2020,12,INR
336,Alejandra,Glencrosche,Male,64558,31/08/1981,15,China,6,27/11/2020,12,INR
337,Deane,Spellsworth,Male,71093,06/09/1980,45,UAE,17,01/10/2020,18,INR
338,Chrotoem,Malek,Female,106524,24/01/1986,-7,China,20,17/08/2020,20,INR
339,Pattie,Goolden,Female,121439,08/05/1991,15,Japan,19,21/08/2020,8,INR
340,Giacomo,MacWhan,Male,79740,12/03/1983,30,China,11,28/12/2020,5,AUD
341,Elsinore,Beaston,Female,64590,07/06/1990,4,India,15,29/08/2020,12,AUD
342,Jessalyn,Dossett,Male,118615,17/05/1980,22,Germany,8,27/12/2020,8,AUD
343,Weylin,Normant,Female,78892,17/02/1985,33,China,7,24/06/2020,15,AUD
344,Flem,Boots,Female,86760,24/08/1986,-4,China,12,01/01/2021,2,INR
345,Findley,Pontefract,Male,113372,21/02/1983,-1,Germany,6,20/11/2020,14,AUD
346,Goldia,Chiverton,Male,66039,13/12/1983,-8,USA,9,23/12/2020,8,INR
347,Ardra,Chopping,Male,90695,18/02/1991,9,Sweden,14,25/01/2020,18,INR
348,Noni,Wreford,Female,124563,10/10/1985,49,India,11,16/01/2020,12,INR
349,Brewer,Durdy,Female,126927,02/12/1982,59,Canada,20,26/05/2020,10,AUD
350,Anthia,Duddin,Male,71559,29/04/1988,45,UAE,8,25/09/2020,13,AUD
351,Bernice,Ianitti,Male,96984,15/04/1983,18,Denmark,11,28/06/2020,19,AUD
352,Spenser,Cordie,Male,86076,14/10/1981,42,Germany,5,30/09/2020,12,AUD
353,Ax,Mynett,Male,67790,23/04/1985,4,USA,10,04/08/2020,15,INR
354,Brenden,Wortley,Female,109249,10/01/1986,-9,Sweden,5,19/10/2020,2,AUD
355,Ella,Adao,Male,118949,04/04/1990,13,USA,7,24/07/2020,7,INR
356,Riki,Roach,Female,106276,20/10/1987,19,Germany,6,22/02/2020,15,INR
357,Renard,Larmor,Male,67329,19/05/1981,-2,China,7,31/08/2020,13,INR
358,Kerwin,Edger,Female,127046,02/11/1981,33,UAE,8,03/12/2020,13,INR
359,Ann-marie,Schwander,Female,125728,19/08/1989,55,Sweden,5,18/11/2020,17,AUD
360,Reagen,Bernard,Female,116831,19/08/1981,44,Denmark,20,17/11/2020,14,INR
361,Felicia,Woolveridge,Male,72654,08/08/1989,11,India,16,05/08/2020,16,AUD
362,Donetta,Calloway,Male,71088,10/08/1982,14,Denmark,17,13/10/2020,16,AUD
363,Kaye,Wainman,Female,92677,15/11/1985,27,USA,16,30/07/2020,8,INR
364,Tabbie,Shire,Female,75079,05/09/1984,-7,India,8,16/01/2020,1,INR
365,Kenny,Haliburton,Female,76999,23/05/1981,48,China,15,05/05/2020,15,AUD
366,Jilleen,Grafton-Herbert,Female,63944,21/12/1987,-15,Denmark,15,03/09/2020,10,INR
367,Elenore,O'Mara,Female,101327,18/05/1981,30,UAE,16,10/03/2020,17,INR
368,Karilynn,Blagbrough,Male,103561,06/08/1987,39,Japan,19,01/05/2020,19,AUD
369,Fred,Burtt,Female,72089,07/01/1990,-6,Germany,16,25/09/2020,17,AUD
370,Ardys,Feragh,Female,128719,01/01/1986,58,Canada,20,02/07/2020,17,INR
371,Binny,Redpath,Female,76712,04/08/1983,45,Denmark,11,23/11/2020,11,AUD
372,Katie,Fursland,Female,96833,25/02/1992,44,China,11,26/04/2020,18,AUD
373,Una,Naptin,Female,85440,10/12/1983,-15,India,6,04/01/2020,19,INR
374,Giff,Eary,Male,121372,17/04/1986,15,Sweden,5,26/10/2020,10,AUD
375,Roy,Jenkinson,Female,72768,21/12/1980,0,Japan,6,07/04/2020,12,AUD
376,Elna,Brosenius,Male,97003,19/03/1992,3,Australia,1,11/01/2020,7,INR
377,Renaldo,Cassidy,Male,70508,23/10/1992,23,Brazil,18,18/07/2020,15,INR
378,Ali,Kastel,Female,79957,03/02/1992,9,Denmark,19,27/05/2020,10,INR
379,Oliver,Densham,Female,123045,18/03/1988,-12,Japan,5,18/01/2020,2,AUD
380,Winni,Falkingham,Male,97321,07/07/1989,59,UAE,8,07/06/2020,18,INR
381,Nathanial,Kleinmann,Female,77876,17/07/1985,5,Denmark,13,23/05/2020,1,INR
382,Robinet,Paffot,Female,99844,22/07/1990,31,UAE,9,29/05/2020,16,AUD
383,Nicolea,Rapier,Male,121001,20/11/1985,48,Brazil,5,19/01/2020,14,INR
384,Vania,Esche,Male,63657,27/01/1985,-1,Japan,4,14/04/2020,9,AUD
385,Guy,Purser,Male,118716,20/06/1987,53,Germany,11,27/03/2020,2,AUD
386,Mikey,Davson,Female,116452,14/06/1989,2,Australia,13,11/08/2020,20,AUD
387,Tiebout,Lutty,Male,68462,26/07/1992,35,USA,19,23/10/2020,8,AUD
388,Mordecai,Dreier,Female,82856,09/09/1980,36,Canada,10,23/04/2020,14,AUD
389,Maude,Olenichev,Male,121266,27/12/1987,45,UAE,16,18/02/2020,4,AUD
390,Hynda,Sidebotton,Male,125552,02/08/1981,31,Germany,5,24/06/2020,6,INR
391,Clarice,Olivas,Male,103852,07/10/1990,46,UAE,16,16/01/2020,14,AUD
392,Ernesta,Bigly,Female,93885,23/12/1985,-15,India,17,03/12/2020,20,AUD
393,Madalena,Nashe,Male,73102,28/05/1989,2,USA,11,15/05/2020,12,AUD
394,Immanuel,Behne,Female,120362,13/10/1992,1,Australia,15,26/12/2020,18,INR
395,Gayelord,Poyner,Female,71244,08/09/1991,17,UAE,13,04/10/2020,11,AUD
396,Murdoch,Batson,Male,65192,14/06/1992,-6,USA,10,31/12/2020,4,AUD
397,Elianore,Blindt,Female,92814,29/05/1990,1,China,12,24/09/2020,14,AUD
398,Caz,Mafham,Male,98537,20/09/1992,49,Brazil,10,17/04/2020,14,INR
399,Gannie,McCulley,Female,67499,02/09/1988,30,Brazil,18,31/01/2020,15,INR
400,Alano,Kellitt,Female,105647,08/04/1986,12,UAE,17,07/01/2020,8,AUD
401,Everard,Whatford,Female,77122,15/04/1987,9,Denmark,6,24/03/2020,1,INR
402,Jonas,Thornber,Female,86354,02/09/1988,8,Brazil,13,26/02/2020,11,AUD
403,Inessa,Nisby,Female,73412,10/02/1980,20,Canada,12,31/07/2020,18,AUD
404,Angus,Ubsdell,Male,120244,29/04/1985,19,Australia,20,16/08/2020,16,AUD
405,Lisha,Netherclift,Male,65498,06/01/1981,-3,Brazil,6,26/11/2020,12,INR
406,Jeannine,Veschi,Male,105825,23/07/1988,6,USA,2,18/11/2020,10,AUD
407,Lucienne,Soppit,Female,83731,27/09/1983,60,Brazil,1,10/01/2020,8,AUD
408,Albie,Decker,Female,98794,20/09/1989,13,Australia,12,05/03/2020,20,AUD
409,Bethany,Oldford,Male,77876,19/05/1986,36,India,6,22/01/2020,7,INR
410,Hermina,Hooks,Male,62660,19/04/1981,12,USA,4,03/06/2020,20,AUD
411,Ninette,Batchelder,Male,118142,17/12/1987,38,UAE,3,11/02/2020,2,AUD
412,Roosevelt,Fronczak,Female,99758,31/08/1988,-3,Brazil,15,13/02/2020,1,INR
413,Kari,Bucknall,Female,62778,21/12/1982,16,Brazil,17,31/07/2020,13,AUD
414,Gaby,Perree,Female,81819,26/11/1981,29,Australia,12,08/01/2020,8,AUD
415,Paloma,Tender,Female,102739,25/08/1984,22,Brazil,2,30/11/2020,1,AUD
416,Nada,Wackley,Female,122148,25/10/1981,33,Australia,16,18/01/2020,15,INR
417,Seumas,Gadie,Male,127144,07/06/1985,15,India,8,23/12/2020,13,AUD
418,Alix,Scutcheon,Male,68549,05/01/1990,21,Sweden,20,13/03/2020,13,AUD
419,Corney,Ector,Male,67196,10/02/1983,48,Australia,9,14/11/2020,19,INR
420,Tanner,Duignan,Male,90825,22/09/1989,11,Australia,15,15/05/2020,19,INR
421,Marshal,Redolfi,Female,125415,25/01/1988,10,India,3,02/02/2020,15,AUD
422,Beauregard,Mannix,Female,78167,14/01/1989,38,Canada,4,12/01/2020,16,INR
423,Ursala,Andrieux,Female,83696,31/08/1981,38,China,13,26/10/2020,18,AUD
424,Leshia,Mapp,Female,66042,18/05/1981,59,USA,4,18/02/2020,15,INR
425,Millisent,Whitehorne,Female,122496,22/08/1989,40,Germany,14,30/10/2020,18,INR
426,Sig,Simounet,Male,60009,19/05/1986,-7,UAE,8,18/12/2020,13,AUD
427,Karna,Lefley,Male,62240,08/10/1982,56,Sweden,3,27/05/2020,12,INR
428,Leighton,Dewsnap,Female,81377,27/11/1980,25,Australia,18,21/02/2020,5,INR
429,Evvy,Hallford,Male,109171,26/05/1989,55,Denmark,19,10/01/2020,10,AUD
430,Bianca,Flippini,Female,111323,06/10/1980,12,Australia,5,26/06/2020,15,AUD
431,Maressa,Weakley,Female,120832,17/08/1991,42,Germany,3,05/12/2020,7,INR
432,Rodd,Palfreman,Male,64484,04/04/1989,41,Australia,13,23/01/2020,15,AUD
433,Jilly,Bayston,Male,88132,02/07/1992,29,Australia,13,22/05/2020,13,AUD
434,Shoshanna,Densham,Female,113472,12/07/1990,51,Germany,17,05/10/2020,18,AUD
435,Rianon,Gillani,Male,85647,17/11/1984,56,Canada,8,10/10/2020,1,INR
436,Stacey,Vaud,Male,102631,22/05/1981,10,Germany,16,01/06/2020,13,INR
437,Sauncho,Capewell,Female,71349,21/12/1985,11,Canada,11,17/02/2020,15,AUD
438,Norean,Mostin,Female,77282,23/04/1991,30,Australia,6,11/03/2020,7,AUD
439,Antoni,Reader,Female,114065,02/08/1985,40,Brazil,5,10/02/2020,15,AUD
440,Elisabetta,Minci,Male,94844,12/12/1990,4,Denmark,18,28/12/2020,18,INR
441,Flossie,Axelbee,Male,89519,18/05/1989,28,Australia,20,01/02/2020,19,AUD
442,Carmela,Reford,Female,76677,03/10/1992,50,UAE,20,24/06/2020,16,AUD
443,Skelly,Anselmi,Female,99960,19/12/1984,28,Sweden,7,01/12/2020,11,INR
444,Adeline,Serrurier,Female,77311,28/05/1988,28,India,1,19/11/2020,11,INR
445,Rica,Greaves,Female,118799,26/07/1992,47,USA,18,24/09/2020,9,INR
446,Moe,McRobert,Male,100385,01/07/1988,59,India,20,13/10/2020,18,INR
447,Jehanna,Pavolillo,Male,103197,11/06/1981,38,USA,16,01/02/2020,1,AUD
448,Werner,Mance,Male,110976,06/07/1988,-6,Australia,10,20/12/2020,7,AUD
449,Lezley,Howchin,Female,77746,28/05/1987,0,Japan,8,13/11/2020,15,INR
450,Karalynn,Galway,Male,83612,17/04/1980,-6,USA,16,23/01/2020,19,AUD
451,Hersh,Trustrie,Female,103125,16/08/1984,32,Brazil,10,06/05/2020,13,AUD
452,Meryl,Hugh,Female,120983,21/09/1980,11,USA,15,15/10/2020,3,INR
453,Briny,Beaford,Female,115003,25/06/1980,-13,Brazil,16,06/03/2020,11,AUD
454,Joshia,Garfield,Female,94783,14/05/1984,34,Canada,12,05/02/2020,17,INR
455,Kaiser,Wrout,Male,115038,02/09/1992,-5,USA,15,22/09/2020,14,INR
456,Celestia,O'Rudden,Female,62398,02/07/1990,48,Canada,6,07/03/2020,17,INR
457,Tedmund,Tieman,Female,77427,12/02/1987,7,Australia,3,11/01/2020,15,INR
458,Bili,Thalmann,Male,74026,04/11/1982,-9,Sweden,9,08/12/2020,17,INR
459,Vina,Astles,Male,96144,24/09/1988,59,Germany,15,10/09/2020,3,INR
460,Knox,Portwaine,Male,110766,02/06/1989,16,Sweden,11,05/07/2020,15,AUD
461,Evonne,Coombes,Female,123516,17/01/1982,44,Japan,14,27/12/2020,4,AUD
462,Arleta,Exall,Female,97903,09/06/1984,20,Sweden,6,20/03/2020,13,AUD
463,Nancey,Burrage,Female,71351,03/11/1981,34,Australia,2,13/02/2020,12,AUD
464,Gabriel,Morat,Male,95407,15/05/1980,-12,Japan,1,25/12/2020,13,AUD
465,Robina,Abys,Male,63413,18/08/1988,3,UAE,19,05/02/2020,14,AUD
466,Ulrikaumeko,Beatty,Male,97404,21/02/1981,54,Japan,19,24/01/2020,5,AUD
467,Eustacia,Blakely,Female,123476,27/12/1984,56,China,1,15/07/2020,19,AUD
468,Brooks,Crookall,Female,116188,20/04/1986,24,India,15,17/08/2020,3,AUD
469,Cybill,Schiesterl,Female,118140,20/03/1983,0,Denmark,8,08/04/2020,9,AUD
470,Orton,Rene,Male,103122,05/07/1980,59,Germany,15,12/02/2020,17,AUD
471,Barrie,Haking,Male,127121,11/10/1991,25,Japan,13,02/06/2020,17,AUD
472,Katy,Stebbings,Female,100049,10/10/1982,34,Sweden,13,24/05/2020,19,AUD
473,Rois,Pibworth,Female,121678,08/02/1983,-14,China,17,20/06/2020,11,INR
474,Ondrea,Antognoni,Female,86390,16/06/1985,13,USA,4,12/02/2020,19,AUD
475,Kale,Mazzia,Male,108753,18/04/1982,-8,Japan,8,07/11/2020,5,INR
476,Nonnah,Royson,Male,85364,23/01/1988,30,India,17,26/07/2020,17,INR
477,Jodi,Willars,Male,93764,31/10/1989,15,Sweden,6,30/01/2020,4,AUD
478,Nathanial,Copson,Male,110844,26/02/1983,51,Germany,8,16/12/2020,7,INR
479,Salim,Crews,Male,109378,26/02/1984,55,Denmark,13,29/08/2020,12,AUD
480,Jackqueline,Tinman,Male,89185,20/05/1987,31,Japan,10,27/03/2020,8,AUD
481,Kaia,McUre,Female,79577,20/07/1990,1,USA,11,27/08/2020,17,AUD
482,Ladonna,Morphey,Female,107724,24/02/1982,29,Denmark,10,28/06/2020,6,INR
483,Abba,Attoc,Female,100334,27/06/1986,60,India,4,30/09/2020,4,INR
484,Julian,Caves,Male,113396,17/08/1980,40,Japan,10,06/02/2020,5,AUD
485,Becki,Hackleton,Male,101551,03/10/1992,47,India,1,28/02/2020,8,INR
486,Essy,Mahoney,Female,122994,11/07/1988,26,Japan,14,19/10/2020,1,INR
487,Edithe,Larkin,Male,68423,02/07/1985,9,Germany,17,09/08/2020,5,AUD
488,Emmalynne,Stradling,Male,86598,11/05/1982,45,China,10,05/10/2020,1,AUD
489,Etienne,Livesay,Female,67696,27/03/1982,-11,Brazil,10,01/12/2020,11,INR
490,Sax,Yurukhin,Female,122059,14/06/1983,1,Brazil,13,08/03/2020,3,INR
491,Lancelot,Tanman,Male,70260,10/07/1983,21,UAE,9,21/10/2020,5,AUD
492,Vicky,Pointing,Male,73077,31/05/1983,25,Germany,3,10/08/2020,6,AUD
493,Dwain,Snufflebottom,Male,119909,19/01/1983,59,India,1,04/03/2020,8,INR
494,York,Ogilvie,Male,123263,27/01/1988,17,Denmark,11,31/07/2020,1,INR
495,Arly,Farrington,Male,65401,25/08/1983,43,Germany,4,24/04/2020,4,AUD
496,Cris,Whitmore,Female,97932,29/03/1991,-10,China,10,25/01/2020,7,INR
497,Kellie,Ganter,Male,108633,09/11/1981,32,Japan,3,22/04/2020,13,INR
498,Oriana,Bedbury,Male,84090,02/03/1991,50,Sweden,11,22/04/2020,17,AUD
499,Elaina,Burvill,Male,93040,08/02/1986,46,Germany,4,27/02/2020,12,INR
500,Viviyan,Gabey,Female,67098,30/05/1981,48,India,2,07/10/2020,9,INR
501,Livvie,Dene,Male,105165,09/11/1981,-16,USA,13,10/04/2020,17,INR
502,Chanda,Gofton,Male,114276,30/08/1983,-3,Canada,12,02/02/2020,18,INR
503,Ev,Cayet,Female,64833,19/07/1981,27,UAE,18,11/12/2020,8,INR
504,Crichton,Cust,Male,125231,20/01/1986,51,India,16,14/09/2020,20,AUD
505,Chrissy,Hancell,Female,110057,19/10/1989,-5,Germany,13,03/01/2020,17,INR
506,Ned,Atkirk,Female,100929,16/01/1990,37,China,14,07/02/2020,1,AUD
507,Cally,Baile,Male,95411,23/03/1988,21,Brazil,4,23/07/2020,14,INR
508,Richardo,Pakes,Female,76107,10/10/1986,29,UAE,14,22/02/2020,16,AUD
509,Raf,Baughan,Female,70252,18/06/1987,55,Japan,10,30/03/2020,10,INR
510,Koenraad,Cuddehy,Male,118975,05/04/1981,7,India,15,17/11/2020,6,INR
511,Lilas,Lettington,Female,62368,19/04/1992,33,USA,16,28/07/2020,2,AUD
512,Travis,Nanetti,Male,93804,27/02/1991,51,Japan,16,14/03/2020,17,AUD
513,Lucienne,Harburtson,Female,102976,17/04/1989,33,Brazil,5,10/03/2020,18,INR
514,Zak,Beumant,Male,66976,10/12/1985,21,Australia,2,23/02/2020,12,INR
515,Cyndi,Lishman,Male,64706,21/06/1982,30,Brazil,11,29/01/2020,15,INR
516,Marvin,Ortiger,Male,74970,23/12/1991,11,Australia,1,21/09/2020,8,AUD
517,Auguste,Jacquest,Female,117219,22/04/1982,12,Brazil,10,11/08/2020,13,INR
518,Maighdiln,Dobeson,Male,87173,14/05/1988,37,Brazil,8,09/07/2020,18,INR
519,Marc,Jore,Male,122830,29/09/1980,28,USA,2,26/08/2020,17,INR
520,Ruthann,Starmore,Male,127522,29/08/1983,60,Sweden,6,25/01/2020,14,INR
521,Alasdair,Trencher,Female,62593,17/06/1980,56,Germany,15,16/07/2020,9,INR
522,Jo-anne,Danielsson,Male,124426,22/08/1985,42,UAE,15,14/07/2020,13,AUD
523,Jessa,Ziem,Male,105240,16/01/1981,-6,Japan,1,05/03/2020,12,INR
524,Tommy,Maggill'Andreis,Male,80123,11/02/1983,-4,Australia,8,08/08/2020,1,AUD
525,Manolo,Grishakin,Male,97424,14/12/1986,39,India,16,25/08/2020,4,INR
526,Clifford,Aries,Female,70731,21/10/1982,33,Canada,12,12/12/2020,18,INR
527,Dimitri,Ivett,Female,101675,22/06/1989,10,USA,8,05/05/2020,6,AUD
528,Adams,Davidescu,Male,60511,21/06/1982,25,Brazil,4,25/12/2020,20,AUD
529,Nataniel,Pettiford,Male,93106,05/02/1985,1,Australia,4,13/02/2020,18,AUD
530,Kerr,Ference,Female,124897,24/09/1985,39,UAE,20,19/01/2020,9,AUD
531,Lynde,Wash,Female,113653,23/02/1984,45,Brazil,14,27/03/2020,14,AUD
532,Zilvia,Pollard,Male,62802,23/08/1986,-5,Brazil,8,18/09/2020,7,AUD
533,Beth,Scotchforth,Male,123779,16/11/1985,22,China,11,31/12/2020,2,AUD
534,Elfie,Gillatt,Male,99821,20/04/1983,8,USA,7,08/10/2020,10,AUD
535,Caty,Leguey,Male,65081,04/05/1980,17,Canada,18,12/01/2020,9,INR
536,Derron,Moyles,Male,77945,01/11/1991,33,UAE,17,24/06/2020,16,INR
537,Rani,Cannicott,Female,79078,24/08/1980,12,India,10,26/03/2020,10,AUD
538,Stefan,Vipan,Female,71992,28/11/1985,6,Sweden,17,21/06/2020,10,AUD
539,Stanislaw,McSpirron,Male,115524,30/05/1991,-1,India,14,24/05/2020,5,AUD
540,Shandee,Chomicki,Female,125113,18/11/1990,-13,Sweden,11,13/11/2020,6,INR
541,Aron,Askwith,Male,100386,13/04/1988,4,UAE,17,01/11/2020,7,INR
542,Melodee,Cellone,Male,75094,23/09/1982,4,China,14,13/04/2020,7,INR
543,Bernetta,Whitcombe,Female,117233,14/09/1988,-9,UAE,6,01/11/2020,9,INR
544,Lorilee,Desforges,Male,109716,25/11/1982,2,USA,7,14/09/2020,7,INR
545,Davina,Blacksell,Male,92615,04/04/1989,-10,UAE,1,24/04/2020,13,AUD
546,Bernadette,Juckes,Male,119609,05/05/1992,4,India,3,09/05/2020,12,AUD
547,Cyndi,Verlander,Male,104387,16/08/1990,47,Germany,3,06/03/2020,15,AUD
548,Muhammad,Rennick,Female,114097,04/06/1990,3,Canada,11,15/01/2020,9,INR
549,Chevalier,Ixer,Female,75932,21/06/1991,32,India,14,22/10/2020,19,INR
550,Terri,Farnie,Female,94799,16/09/1981,46,Denmark,7,23/11/2020,14,INR
551,Rachelle,Bygraves,Female,126120,17/01/1988,-13,Canada,4,16/02/2020,11,AUD
552,Ade,McIntee,Male,93373,15/12/1990,-10,India,1,18/03/2020,11,AUD
553,Lucila,Jaspar,Male,69874,30/05/1989,11,Brazil,17,09/12/2020,18,AUD
554,Marti,Bardwell,Male,71543,15/03/1980,7,USA,11,08/08/2020,10,AUD
555,Angeli,Statter,Female,65139,19/01/1982,45,Brazil,10,23/10/2020,6,INR
556,Halimeda,Lefley,Male,78984,30/07/1990,24,China,20,29/10/2020,14,AUD
557,Alys,Seals,Male,94283,21/05/1991,13,Canada,5,14/11/2020,17,AUD
558,Corina,Sivill,Female,75523,05/03/1980,39,UAE,2,21/03/2020,3,AUD
559,Claretta,Seavers,Male,108526,14/02/1980,33,Sweden,17,09/04/2020,16,INR
560,Jule,Guihen,Female,99564,17/12/1980,35,Japan,14,21/06/2020,8,INR
561,Meriel,Grinnov,Male,61443,10/04/1992,35,China,8,14/02/2020,1,AUD
562,Leonanie,Harbinson,Male,119762,10/05/1981,8,Sweden,1,09/01/2020,8,AUD
563,Lowell,Derisley,Female,118226,30/12/1987,50,Japan,7,13/03/2020,5,AUD
564,Niven,Jakoubec,Female,72445,14/08/1987,42,Germany,2,07/08/2020,8,AUD
565,Averil,Richichi,Male,104353,01/08/1991,31,UAE,13,10/08/2020,8,INR
566,Udale,Bodocs,Female,104461,22/11/1988,48,UAE,2,07/01/2020,20,AUD
567,Basile,McKnockiter,Male,88830,02/09/1981,9,Australia,13,21/12/2020,18,INR
568,Thaine,Ecclestone,Female,79581,12/05/1988,50,Australia,9,22/02/2020,9,INR
569,Orville,Dubique,Male,92493,23/06/1991,32,Australia,15,20/04/2020,2,AUD
570,Maurits,Linggard,Male,63524,14/06/1987,31,Japan,11,14/05/2020,7,INR
571,Laural,Duff,Female,118108,06/09/1989,46,USA,19,17/06/2020,1,INR
572,Sherill,Lettice,Female,75223,28/02/1988,-15,China,11,10/05/2020,15,AUD
573,Maria,Napolitano,Male,128950,10/07/1984,4,Japan,16,01/09/2020,9,INR
574,Tabby,Cannavan,Female,102159,13/03/1984,45,Denmark,4,03/11/2020,7,AUD
575,Darby,Needs,Female,129045,24/09/1984,37,USA,10,16/02/2020,4,INR
576,Shalom,Eliassen,Female,90676,19/07/1985,-17,Brazil,1,03/08/2020,4,INR
577,Arabella,Grenfell,Female,95912,18/09/1985,24,Japan,20,05/08/2020,11,INR
578,Francklyn,Henighan,Male,64325,05/04/1980,41,Japan,4,02/09/2020,9,INR
579,Elias,Ree,Female,113492,28/10/1981,-3,Japan,2,24/08/2020,4,INR
580,Marie-jeanne,Tinn,Male,119066,23/06/1988,37,Australia,8,27/09/2020,1,INR
581,Terrence,Peverell,Female,77789,02/11/1991,31,USA,14,01/01/2021,19,AUD
582,Oralla,Cotterill,Female,122780,21/09/1990,-15,Germany,20,18/09/2020,19,INR
583,Lorne,Rayman,Male,89037,11/08/1992,7,Brazil,3,01/10/2020,13,INR
584,Amabelle,Edger,Male,118666,23/03/1982,-9,USA,1,06/03/2020,4,AUD
585,Abagael,Bitchener,Female,86826,04/05/1989,-16,Brazil,3,09/04/2020,11,INR
586,Pete,Alvarez,Female,123164,03/03/1981,24,China,8,27/05/2020,3,AUD
587,Nonah,O'Hickey,Male,102629,30/07/1992,29,Sweden,1,26/04/2020,3,AUD
588,Coreen,Fullilove,Male,109578,14/05/1990,18,UAE,13,18/10/2020,10,INR
589,Ekaterina,Jakoub,Male,126190,16/05/1983,16,Japan,16,10/10/2020,4,AUD
590,Zacharie,Callear,Male,75044,05/11/1980,48,Canada,16,09/04/2020,5,INR
591,Nona,Markl,Female,86262,19/01/1988,13,Brazil,2,08/05/2020,4,AUD
592,Tadd,Maciak,Female,76255,17/09/1989,4,Japan,11,15/05/2020,7,INR
593,Emmaline,Giotto,Male,84060,23/10/1982,41,Sweden,11,20/04/2020,19,AUD
594,Meridith,Miliffe,Male,115192,26/02/1984,3,Japan,9,05/10/2020,8,AUD
595,Roxanne,Bellelli,Female,107108,15/03/1992,32,Denmark,11,06/03/2020,1,INR
596,Aubrey,Kingswood,Male,63637,16/07/1986,56,Brazil,11,14/12/2020,10,INR
597,Ninetta,Binyon,Female,114534,04/10/1989,17,Japan,4,22/10/2020,2,INR
598,Carlye,Laible,Male,128604,11/04/1986,-2,Brazil,3,12/01/2020,6,INR
599,Kari,Whitmore,Male,100691,03/09/1985,58,Canada,4,04/06/2020,9,INR
600,Fritz,Yeoman,Male,115377,10/03/1985,6,USA,10,02/06/2020,13,INR
601,Flemming,Smithe,Female,78191,19/05/1988,-7,Denmark,8,28/04/2020,11,AUD
602,Margaux,Barbrick,Male,98780,05/02/1987,10,Denmark,13,12/12/2020,7,AUD
603,Taylor,Szubert,Female,76070,06/05/1983,-14,China,9,29/10/2020,10,INR
604,Imelda,Boshier,Male,100929,03/01/1985,41,Brazil,19,29/10/2020,9,INR
605,Rance,Nursey,Male,68297,01/06/1987,-9,Japan,10,30/10/2020,3,AUD
606,Basilius,Zolini,Male,117714,07/03/1989,2,India,19,21/10/2020,1,AUD
607,Gardiner,Pawelski,Female,98682,11/09/1985,54,Sweden,2,04/01/2020,4,INR
608,Alard,Collingwood,Male,86149,23/05/1985,5,Sweden,11,09/02/2020,17,AUD
609,Lorine,MacAnulty,Male,124231,14/02/1980,46,Brazil,7,29/12/2020,3,AUD
610,Ned,Blaasch,Male,106555,30/11/1988,59,USA,15,03/05/2020,19,INR
611,Cristy,Breakey,Female,78630,05/04/1980,58,Canada,3,06/09/2020,12,AUD
612,Kathleen,Culter,Male,80932,01/12/1989,0,Germany,19,05/05/2020,14,INR
613,Reilly,Swaton,Male,112208,27/05/1987,31,Sweden,14,21/02/2020,20,AUD
614,Karole,Gronaller,Male,85002,21/03/1986,58,Sweden,13,03/07/2020,19,INR
615,Karena,Eaves,Female,89027,19/04/1980,22,Brazil,5,14/01/2020,20,INR
616,Quinton,Chiswell,Female,128681,11/01/1984,29,Brazil,3,23/05/2020,5,INR
617,Josephine,Menendez,Male,93230,16/01/1989,22,USA,3,18/08/2020,14,INR
618,Regan,Tilmouth,Male,76389,26/11/1985,60,UAE,20,20/04/2020,6,INR
619,Edwin,Imeson,Female,62954,17/09/1992,31,Brazil,9,12/08/2020,11,AUD
620,Nert,Milbourne,Male,104678,10/08/1989,58,Japan,9,02/11/2020,14,INR
621,Gustav,Littefair,Female,108469,27/07/1990,-12,Denmark,14,21/05/2020,17,AUD
622,Nicolai,Lisett,Male,114012,23/03/1983,57,Sweden,20,03/11/2020,6,AUD
623,Wyndham,Dessant,Male,81638,22/03/1983,-17,Brazil,5,19/05/2020,18,AUD
624,Jefferey,Pally,Male,65655,13/06/1982,44,India,20,18/11/2020,15,INR
625,Parke,Stivey,Male,67437,21/02/1988,39,Denmark,18,12/08/2020,10,INR
626,Filia,McCormick,Female,88153,19/11/1989,0,China,5,01/01/2021,9,AUD
627,Christabella,Hatto,Female,81961,29/05/1986,-16,Australia,18,05/06/2020,16,INR
628,Kaja,Raspin,Male,84028,24/02/1989,19,Canada,10,23/10/2020,19,AUD
629,Maggee,Scogings,Female,95649,23/04/1989,41,China,8,08/04/2020,1,INR
630,Ninette,Antrag,Male,69667,26/10/1988,20,Brazil,11,23/08/2020,6,AUD
631,Bertrand,Downage,Male,99472,30/01/1984,59,Brazil,9,30/04/2020,18,INR
632,Clarice,Cressor,Male,102603,12/03/1987,4,Denmark,10,18/08/2020,6,AUD
633,Devonna,Jessop,Male,64726,25/04/1986,28,China,12,30/07/2020,4,AUD
634,Freeman,Mosedale,Male,68315,14/05/1988,36,Brazil,15,01/04/2020,19,INR
635,Darby,Hassewell,Female,121459,21/09/1982,48,Sweden,19,24/09/2020,16,INR
636,Zsazsa,Sutherby,Male,77909,03/11/1989,24,Japan,15,24/06/2020,6,INR
637,Stephenie,Golightly,Male,120945,09/09/1992,-5,Denmark,15,25/04/2020,14,INR
638,Olav,Gobell,Female,103528,19/07/1980,44,China,20,09/11/2020,19,AUD
639,Giusto,Borges,Male,114342,16/07/1992,58,China,7,28/02/2020,13,AUD
640,Nikaniki,Gilffillan,Female,71540,17/11/1981,-3,China,15,20/02/2020,7,INR
641,Pebrook,Lampard,Female,113691,01/08/1992,26,UAE,4,07/06/2020,7,AUD
642,Byrann,Isham,Male,92448,29/10/1983,14,Canada,3,12/06/2020,15,AUD
643,Alonzo,Romain,Female,79416,26/03/1988,58,Denmark,13,29/08/2020,5,AUD
644,Krispin,Spoure,Male,116195,13/10/1980,32,Australia,9,25/08/2020,12,AUD
645,Darn,Redfearn,Male,101693,04/08/1980,-5,Sweden,4,22/03/2020,12,AUD
646,Cirillo,Terbruggen,Female,110684,28/02/1981,60,Australia,14,21/05/2020,9,AUD
647,Jillie,Mollon,Female,86552,08/04/1983,56,Brazil,8,28/02/2020,3,INR
648,Huntlee,Stonebridge,Female,73812,26/10/1990,-3,India,13,04/12/2020,6,AUD
649,Livvie,Shenley,Female,124051,03/08/1991,23,Australia,1,04/06/2020,16,AUD
650,Ana,McCorry,Female,94894,22/01/1989,0,Australia,7,09/10/2020,3,AUD
651,Temp,Heggison,Male,64931,22/10/1980,36,Sweden,18,25/05/2020,11,AUD
652,Erhard,Johns,Female,80969,06/01/1988,33,India,16,11/10/2020,15,AUD
653,Sinclair,Ciccerale,Male,114417,11/04/1990,25,Canada,6,06/02/2020,18,AUD
654,Archie,Dorran,Female,120200,11/03/1982,-16,Brazil,19,07/02/2020,17,AUD
655,Egbert,Martinuzzi,Male,72710,04/01/1985,41,Denmark,10,15/09/2020,11,INR
656,Dorolice,Gantzman,Female,98007,05/10/1989,19,China,13,19/09/2020,3,INR
657,Bordy,Denzey,Male,127360,20/06/1992,23,Australia,5,30/07/2020,18,INR
658,Gearard,Mashal,Female,80563,15/03/1986,49,Sweden,14,14/10/2020,5,AUD
659,Orelia,Wainer,Male,110791,16/10/1982,-8,Japan,4,25/09/2020,20,AUD
660,Marci,Pinar,Female,86148,16/11/1992,2,Denmark,13,11/11/2020,9,INR
661,Arte,Heakins,Male,108265,30/05/1987,33,China,14,04/07/2020,14,INR
662,Forster,Rarity,Male,70945,30/01/1985,53,Japan,6,16/11/2020,4,INR
663,Vivianne,Ubsdell,Male,119078,11/12/1985,-6,China,6,15/02/2020,5,INR
664,Gretel,Simeonov,Male,122464,09/06/1980,-12,Canada,9,28/01/2020,7,AUD
665,Onfre,Allwell,Female,124527,07/12/1985,54,Japan,19,20/08/2020,2,INR
666,Petrina,Allkins,Female,62385,05/10/1982,38,UAE,15,08/12/2020,2,AUD
667,Jacinta,Henricsson,Male,88924,01/07/1991,-8,UAE,9,28/06/2020,4,AUD
668,Monti,Ortner,Female,84984,10/11/1986,0,Brazil,5,28/09/2020,6,AUD
669,Doyle,Shoppee,Female,105409,20/09/1981,5,Brazil,19,05/02/2020,17,AUD
670,Cassaundra,Faircliffe,Male,81530,08/10/1982,31,China,17,05/04/2020,2,INR
671,Emlen,Schulkins,Female,92327,05/06/1992,20,UAE,18,11/11/2020,9,AUD
672,Westbrooke,Tranckle,Male,78746,28/11/1984,16,Australia,16,06/08/2020,15,INR
673,Erna,Drewes,Female,95952,21/02/1989,24,China,1,05/09/2020,10,AUD
674,Carling,Leyrroyd,Female,61602,03/10/1983,50,Australia,5,02/09/2020,1,INR
675,Carolina,Gianulli,Male,94035,10/12/1980,7,Australia,8,06/07/2020,2,AUD
676,Myriam,Hutchinges,Female,124573,14/03/1982,24,UAE,3,26/03/2020,1,INR
677,Gonzales,Llewellyn,Female,94336,28/07/1987,20,Germany,11,10/08/2020,11,INR
678,Roscoe,Tuffey,Male,121597,08/08/1989,1,Japan,5,21/04/2020,7,INR
679,Pyotr,Verner,Male,76162,29/08/1986,26,China,17,24/01/2020,15,AUD
680,Freemon,Braund,Male,81715,29/08/1985,-14,Germany,5,21/09/2020,13,INR
681,Beatrice,Abela,Male,121524,06/04/1984,-3,USA,7,18/04/2020,6,INR
682,Wildon,Barry,Female,124452,06/02/1982,-1,Germany,2,21/06/2020,17,AUD
683,Andreana,Adlington,Male,92174,23/03/1990,25,India,6,17/11/2020,12,AUD
684,Sanders,Fryett,Female,107739,30/08/1990,33,UAE,18,06/01/2020,3,AUD
685,Rick,Ellerey,Male,83568,09/12/1983,51,Sweden,7,23/05/2020,16,AUD
686,Rossie,Grogor,Male,61136,15/10/1986,34,Denmark,3,09/08/2020,13,INR
687,Zorine,Brome,Male,77030,07/01/1982,48,China,12,15/02/2020,17,AUD
688,Mead,Sarjeant,Male,124192,31/01/1986,17,Canada,4,02/08/2020,20,AUD
689,Ive,Larderot,Male,83729,30/10/1982,41,Germany,4,21/12/2020,14,AUD
690,Dirk,Corke,Male,61877,01/03/1991,53,Brazil,7,05/01/2020,19,AUD
691,Carlye,Bellfield,Female,84844,08/12/1991,39,USA,8,29/04/2020,4,INR
692,Piotr,Sima,Male,69817,20/04/1987,57,China,12,16/06/2020,8,AUD
693,Dorrie,Glasheen,Male,61272,09/08/1983,27,Germany,1,17/03/2020,9,INR
694,Berna,Jimenez,Female,68614,07/05/1984,-11,Sweden,18,02/06/2020,6,INR
695,Mirna,Penkman,Female,88261,27/06/1991,28,UAE,19,01/09/2020,19,INR
696,Franny,Dreinan,Male,105933,18/02/1981,52,Denmark,9,27/09/2020,13,INR
697,Elaina,Fradson,Male,100107,26/06/1990,-5,Sweden,18,23/09/2020,4,AUD
698,Bambie,Carlill,Female,93651,29/06/1982,37,Japan,6,15/03/2020,8,INR
699,Fran,Beedie,Female,101352,05/01/1987,-3,Japan,6,24/04/2020,14,INR
700,Fanchon,Fifoot,Female,92450,16/03/1981,28,Japan,15,05/02/2020,1,INR
701,Laurianne,Yegoshin,Male,86203,05/08/1988,32,Japan,11,14/04/2020,9,INR
702,Shelton,Boken,Female,88175,16/08/1987,-6,China,10,12/12/2020,1,INR
703,Candice,Innman,Female,112724,26/03/1980,41,Australia,15,06/07/2020,17,AUD
704,Dev,Keveren,Female,67944,07/04/1984,46,Sweden,16,10/03/2020,8,INR
705,Sylas,Enderson,Male,88764,26/11/1985,39,Canada,9,28/10/2020,4,INR
706,Jeanna,Petteford,Female,100362,03/02/1985,-12,China,14,13/01/2020,7,AUD
707,Meggie,Hodgin,Male,91824,27/09/1991,21,Sweden,9,05/08/2020,1,INR
708,Gertie,Haglington,Male,87740,11/05/1980,57,Denmark,9,09/12/2020,12,INR
709,Mitzi,Mollatt,Male,91315,21/08/1985,16,China,10,22/05/2020,5,AUD
710,Delcina,Mapplethorpe,Male,83758,26/03/1980,1,Denmark,12,19/04/2020,7,INR
711,Dorey,Morin,Female,100546,15/03/1988,28,UAE,1,25/05/2020,16,AUD
712,Garret,Barfitt,Male,65708,30/07/1980,40,India,16,08/10/2020,17,INR
713,Vanessa,Bagniuk,Female,71985,13/08/1983,1,Australia,10,25/08/2020,6,AUD
714,Elsinore,Racher,Male,129211,28/02/1981,2,UAE,13,24/08/2020,4,AUD
715,Giana,Kemson,Male,71925,16/02/1986,59,China,1,20/09/2020,20,INR
716,Tarra,De Leek,Female,82896,16/07/1984,34,Brazil,11,13/12/2020,12,AUD
717,Barbra,Jaggs,Female,99177,19/11/1988,36,Brazil,7,16/03/2020,1,INR
718,Antonin,Gamett,Male,77622,12/07/1983,-1,Canada,12,11/11/2020,1,AUD
719,Glen,Swiffan,Male,79912,01/08/1982,10,USA,4,11/05/2020,18,AUD
720,Francis,Mate,Male,77714,11/07/1989,-6,India,20,03/10/2020,10,INR
721,Morty,Dibling,Female,107818,08/05/1986,27,Australia,1,26/03/2020,10,INR
722,Eli,D'eye,Male,93454,25/06/1990,-13,China,20,01/10/2020,10,AUD
723,Jud,Miner,Male,127382,09/02/1984,42,Denmark,17,18/08/2020,9,AUD
724,Helge,McElmurray,Female,95376,18/01/1992,2,Japan,10,11/06/2020,7,INR
725,Rourke,Ricciardi,Female,117816,27/09/1992,8,Sweden,8,31/08/2020,19,INR
726,Allan,Lamblin,Female,116512,03/12/1984,13,Germany,7,12/08/2020,18,INR
727,Molli,Hatter,Female,106600,13/04/1987,31,Australia,16,24/11/2020,12,INR
728,Blakelee,Landall,Male,99802,31/01/1980,-5,Sweden,6,10/04/2020,6,INR
729,Rickey,Gannon,Male,87486,05/07/1992,24,USA,11,17/06/2020,6,AUD
730,Chrissy,Knapp,Male,122561,07/02/1980,-13,Australia,10,10/05/2020,17,INR
731,Venus,Battrick,Male,84998,26/01/1980,43,USA,17,11/02/2020,18,INR
732,Bernadine,Wasling,Male,76819,15/03/1982,47,China,20,15/01/2020,6,INR
733,Shellysheldon,Spensly,Male,109935,22/01/1988,15,Brazil,3,23/04/2020,8,INR
734,Edeline,Ashe,Female,97700,30/05/1991,3,Sweden,19,01/08/2020,9,INR
735,Maynord,Olek,Male,70150,18/12/1986,7,Germany,3,31/08/2020,17,INR
736,Lesli,Newcombe,Male,78020,21/09/1986,39,Japan,20,29/03/2020,4,AUD
737,Jarrid,Swede,Female,118366,06/09/1991,44,UAE,17,17/03/2020,9,INR
738,Monte,Wapplington,Male,89446,27/02/1991,14,Sweden,1,07/06/2020,6,INR
739,Pepillo,Chrystie,Female,85205,07/06/1990,23,Australia,18,09/04/2020,13,INR
740,Jacquetta,Vescovo,Female,98230,28/04/1990,13,UAE,17,27/07/2020,12,INR
741,Carlin,Dalloway,Female,99448,06/06/1990,-11,Australia,14,04/09/2020,3,INR
742,Gigi,Twitty,Female,66177,07/01/1980,3,India,17,17/01/2020,18,AUD
743,Griz,Darnell,Female,61519,13/08/1981,22,Australia,2,11/11/2020,19,INR
744,Harland,Beckinsall,Male,91120,24/06/1989,0,China,3,08/09/2020,20,AUD
745,Willem,Redihough,Male,110546,29/09/1985,10,USA,1,22/04/2020,3,INR
746,Russell,Vinten,Male,129316,25/10/1984,24,Japan,12,20/11/2020,17,AUD
747,Suzanne,Amey,Male,106437,19/01/1980,26,Brazil,3,20/11/2020,9,INR
748,Thurston,Kastel,Male,112523,30/07/1982,20,Brazil,2,04/04/2020,3,INR
749,Bernarr,Oglethorpe,Female,68947,02/02/1992,52,Brazil,1,16/09/2020,3,AUD
750,Bryant,Gough,Female,81390,07/08/1991,1,Sweden,13,25/04/2020,14,INR
751,Sasha,Tyer,Male,71005,19/08/1987,37,Denmark,8,05/10/2020,13,INR
752,Josh,Jurewicz,Female,79329,03/07/1989,57,Germany,7,24/09/2020,9,INR
753,Alexander,Helm,Female,91341,19/06/1983,29,Denmark,8,19/01/2020,1,AUD
754,Sal,Djurevic,Female,82858,15/11/1989,26,UAE,3,17/02/2020,6,AUD
755,Sheilakathryn,Van Zon,Male,68895,18/08/1989,56,Brazil,1,06/01/2020,6,INR
756,Retha,Volkers,Female,95800,10/01/1984,-9,Australia,18,03/10/2020,9,INR
757,Tammie,Fasham,Male,66446,17/02/1990,15,Denmark,15,13/09/2020,14,AUD
758,Alysia,Eardley,Female,116902,10/10/1980,36,Canada,18,23/05/2020,6,AUD
759,Lanny,Itzchaki,Female,102644,18/08/1986,-6,Denmark,6,08/05/2020,6,INR
760,Gannon,Teodorski,Male,109318,20/12/1985,58,India,18,01/08/2020,16,AUD
761,Sarina,Mammatt,Male,111568,05/09/1991,54,Japan,16,31/05/2020,6,AUD
762,Wynny,Roux,Female,111805,20/12/1981,-17,UAE,13,29/12/2020,15,AUD
763,Katheryn,Hallgath,Female,73318,23/12/1986,-3,Sweden,13,22/10/2020,4,INR
764,Mirilla,Rucklesse,Female,99020,04/07/1992,26,China,16,09/06/2020,12,AUD
765,Nonnah,Furbank,Male,76984,22/08/1980,-7,China,14,18/11/2020,11,INR
766,Berton,McCandless,Male,81055,25/04/1980,5,Australia,9,24/01/2020,13,INR
767,Heywood,Faltin,Male,127880,24/12/1990,17,Denmark,13,10/06/2020,11,AUD
768,Claiborn,Fripp,Male,64725,15/11/1986,17,Brazil,20,08/06/2020,12,INR
769,Timothea,Stansell,Female,87667,31/12/1990,-14,Brazil,11,16/03/2020,5,INR
770,Ali,Diggens,Male,120952,16/05/1990,53,Denmark,4,14/03/2020,7,INR
771,Nora,Lucks,Female,129460,07/09/1981,-12,UAE,9,15/02/2020,11,INR
772,Steffane,Milstead,Male,61950,30/08/1982,47,Germany,12,05/06/2020,14,AUD
773,Tull,Hebblethwaite,Male,129429,06/02/1980,12,Germany,4,15/02/2020,1,INR
774,Klaus,Andreasson,Male,86396,15/08/1988,39,Canada,17,09/02/2020,6,AUD
775,Vaclav,Durant,Female,87622,11/12/1988,46,Germany,6,28/07/2020,18,AUD
776,Earlie,Olorenshaw,Male,75405,09/05/1982,41,UAE,6,22/06/2020,3,INR
777,Waldo,Grundon,Male,76310,06/11/1983,55,Japan,15,05/01/2020,12,AUD
778,Reidar,Adderley,Female,90343,05/08/1991,14,Sweden,5,15/10/2020,16,AUD
779,Henderson,Vogeler,Male,127580,02/10/1987,50,UAE,7,12/08/2020,3,INR
780,Dottie,Shildrake,Male,123964,07/10/1989,31,India,4,31/03/2020,11,AUD
781,Linet,Peasby,Female,75100,08/09/1983,52,Brazil,16,13/11/2020,17,AUD
782,Darbie,Earwicker,Female,69379,13/05/1983,10,Brazil,10,08/01/2020,7,AUD
783,Lisette,Issac,Female,126725,15/08/1992,-14,China,16,08/11/2020,17,INR
784,Ashia,Goolden,Female,86362,18/04/1981,55,Germany,3,25/06/2020,19,AUD
785,Rey,Higginbottam,Female,74841,07/04/1983,-10,UAE,16,09/08/2020,5,AUD
786,Ingeberg,Zavattiero,Female,86018,24/11/1985,5,Germany,20,30/04/2020,19,INR
787,Peyter,Guard,Female,118673,10/08/1983,49,Japan,2,10/01/2020,12,INR
788,Ellswerth,Neave,Female,109504,22/05/1980,-17,Canada,9,05/11/2020,17,AUD
789,Gussy,Mc Combe,Male,124713,29/05/1985,33,USA,1,04/09/2020,15,AUD
790,Rochester,Paddie,Female,69435,04/03/1989,28,Germany,16,25/08/2020,7,AUD
791,Agnese,Gerardot,Male,119482,05/08/1980,15,UAE,7,26/06/2020,20,INR
792,Conrado,Hauxwell,Female,111599,26/07/1984,43,USA,1,01/09/2020,10,INR
793,Taite,O'Cullen,Male,91941,04/12/1988,38,Denmark,19,06/11/2020,4,INR
794,Cacilie,Bellringer,Male,87590,25/04/1986,31,Japan,4,17/09/2020,5,AUD
795,Sallie,McNaught,Male,75889,27/09/1990,31,Sweden,11,06/02/2020,14,INR
796,Reed,Dods,Male,116589,15/06/1989,37,India,17,24/10/2020,1,INR
797,Gertrudis,Dobbison,Male,86490,11/03/1980,21,Australia,7,06/04/2020,7,AUD
798,Cookie,Schuchmacher,Female,125500,25/05/1984,39,UAE,1,25/12/2020,15,AUD
799,Forest,Dickman,Male,71712,09/09/1990,21,Brazil,11,04/10/2020,17,AUD
800,Farrell,Jarrell,Female,124868,06/04/1983,35,Canada,20,17/11/2020,7,AUD
801,Ollie,Jermyn,Female,70195,03/10/1983,0,USA,14,22/12/2020,6,INR
802,Faustina,Olivas,Female,113630,02/12/1981,50,Germany,20,21/06/2020,11,INR
803,Donella,Merkle,Male,81841,29/07/1980,-5,China,20,28/03/2020,8,INR
804,Averell,Emlin,Female,92525,07/07/1985,42,USA,10,13/03/2020,17,AUD
805,Ashlie,Bowes,Male,66013,05/08/1987,4,Canada,16,05/03/2020,14,AUD
806,Stanleigh,Booker,Female,122275,05/09/1982,0,Australia,16,04/09/2020,5,INR
807,Yalonda,O' Mara,Male,61695,21/04/1990,0,Japan,14,12/05/2020,3,INR
808,Elvera,Marron,Female,85524,30/04/1985,-5,Brazil,15,22/01/2020,10,AUD
809,Delbert,Lisett,Male,107010,16/03/1982,37,China,3,28/02/2020,19,INR
810,Cristiano,Hatt,Male,97892,05/06/1980,19,Sweden,1,09/09/2020,15,AUD
811,Kennedy,McGregor,Male,66715,10/12/1984,59,UAE,16,14/05/2020,10,AUD
812,Giffer,Charlewood,Female,86154,23/09/1989,-14,Sweden,11,09/11/2020,6,INR
813,Riva,Woolveridge,Female,127716,07/03/1991,36,India,5,06/07/2020,16,AUD
814,Sherilyn,Sprigin,Male,79000,05/02/1982,25,China,19,27/03/2020,12,INR
815,Wendell,Kuhwald,Male,107855,25/12/1980,2,Australia,3,27/05/2020,3,INR
816,Annnora,Durham,Male,82117,23/02/1992,32,Australia,14,24/07/2020,4,INR
817,Peirce,Upcott,Female,126381,01/02/1982,1,India,8,29/10/2020,15,INR
818,Bellina,Saxton,Female,122947,04/10/1990,48,Brazil,2,08/05/2020,10,INR
819,Lincoln,Petroselli,Female,119543,13/04/1982,55,China,6,25/04/2020,1,INR
820,Daryl,Bilton,Male,83154,25/10/1981,5,Sweden,8,07/09/2020,4,AUD
821,Hurley,Covendon,Female,99514,25/07/1981,-8,China,2,10/04/2020,8,AUD
822,Nichol,O'Doran,Female,112613,02/10/1982,29,Sweden,19,11/12/2020,17,INR
823,Hendrick,Lightbourn,Male,129651,16/04/1982,55,Sweden,2,20/08/2020,7,AUD
824,Brittaney,Chilcott,Female,98972,02/11/1991,37,Japan,11,13/06/2020,9,INR
825,Redford,Seamons,Female,125038,21/03/1984,27,Germany,11,03/05/2020,2,INR
826,Faustine,Dumphrey,Female,71666,25/06/1992,53,Germany,6,04/07/2020,6,INR
827,Abbye,Laviste,Male,64282,02/06/1990,32,Brazil,10,29/04/2020,16,AUD
828,Vasili,Kentwell,Female,64374,13/11/1984,56,China,8,01/01/2021,13,AUD
829,Egan,Linfoot,Female,68589,17/01/1991,-13,China,8,02/01/2021,10,AUD
830,Reese,Larking,Female,105684,07/10/1981,52,India,20,01/01/2021,5,INR
831,Barrie,Messum,Female,64441,23/10/1988,21,Japan,13,21/02/2020,11,AUD
832,Arny,Pentelow,Female,123759,01/11/1988,18,Germany,5,16/05/2020,14,AUD
833,Jerrie,Ruddoch,Female,77809,10/09/1983,56,China,4,11/01/2020,12,AUD
834,Nobie,McDiarmid,Male,60035,19/08/1984,21,Germany,2,28/01/2020,9,INR
835,Edan,Gwynne,Female,97785,01/08/1991,30,Denmark,17,13/11/2020,12,AUD
836,Hanson,Hoyle,Male,104008,09/11/1992,19,UAE,2,22/08/2020,17,AUD
837,Addison,Coull,Male,112765,19/12/1991,11,Denmark,16,17/04/2020,2,AUD
838,Rutter,Cardinale,Female,75675,26/08/1992,33,Japan,15,07/06/2020,3,INR
839,Mab,Brantl,Male,105677,07/07/1982,29,Brazil,2,16/05/2020,4,INR
840,Jocelin,Harrowsmith,Female,63801,28/01/1981,-5,Denmark,9,05/05/2020,20,AUD
841,Hilton,Altamirano,Female,109642,28/06/1990,60,India,9,14/08/2020,12,INR
842,Sidonia,Fieller,Male,127624,10/08/1989,33,China,3,19/05/2020,19,INR
843,Brendon,Dowbakin,Male,78918,04/06/1988,3,Brazil,18,21/11/2020,10,AUD
844,Jason,Lukock,Female,92970,07/08/1985,25,China,9,30/10/2020,11,INR
845,Calla,Tewkesbury,Female,63526,18/04/1984,0,Brazil,15,06/01/2020,17,AUD
846,Murray,Barfoot,Female,121590,10/09/1991,51,Brazil,2,28/01/2020,6,INR
847,Ericka,Polglase,Male,84043,14/10/1987,-5,Denmark,1,08/09/2020,6,AUD
848,Kincaid,Duddin,Female,91336,05/11/1982,-7,Canada,18,29/08/2020,16,INR
849,Wyatt,Faragher,Female,108662,04/05/1988,5,India,3,17/05/2020,3,INR
850,Sarita,Tuley,Male,109561,14/04/1985,-9,Brazil,15,18/07/2020,5,INR
851,Rossie,Birchill,Male,119674,16/04/1988,30,USA,11,04/05/2020,1,INR
852,Babs,Sabbin,Female,109307,13/01/1990,8,China,20,24/12/2020,1,INR
853,Reynard,Spruce,Male,95025,24/08/1989,8,India,20,02/11/2020,19,INR
854,Cyndie,Cavell,Male,110387,16/10/1989,-10,Germany,16,14/01/2020,16,INR
855,Anne-marie,Georgelin,Male,105260,01/12/1990,15,Australia,16,17/02/2020,11,AUD
856,Rik,Wiltshear,Female,125512,18/10/1987,29,USA,20,19/06/2020,10,AUD
857,Susan,McAleese,Male,75677,23/05/1983,22,Denmark,12,18/10/2020,1,AUD
858,Aymer,Gaine of England,Female,129745,05/10/1992,42,UAE,10,11/10/2020,1,AUD
859,Elias,Elbourne,Female,122732,18/11/1987,12,China,11,03/02/2020,6,AUD
860,Alard,Andrioli,Female,81716,16/12/1988,-16,Canada,8,08/04/2020,10,INR
861,Klara,Asp,Male,89795,01/07/1982,34,Brazil,9,12/02/2020,9,AUD
862,Reade,Olivera,Male,94740,31/08/1988,35,Denmark,5,17/11/2020,5,INR
863,Tisha,Pyper,Female,66920,29/10/1980,-15,Denmark,14,19/03/2020,8,INR
864,William,Sicily,Female,90902,02/06/1991,1,Sweden,4,14/02/2020,16,AUD
865,Antonetta,Pestor,Female,101944,08/11/1982,23,Australia,6,02/05/2020,1,AUD
866,Giacinta,De la Yglesia,Male,119593,22/08/1991,-8,India,16,27/10/2020,9,AUD
867,Durant,Hecks,Female,92490,30/03/1988,-13,China,20,26/10/2020,1,AUD
868,Florenza,Beaver,Male,101817,04/05/1986,2,USA,10,21/07/2020,4,AUD
869,Melany,Pavier,Female,108118,20/11/1980,57,Denmark,10,07/09/2020,20,INR
870,Susi,Foad,Female,88516,08/12/1983,-13,Brazil,12,15/06/2020,7,INR
871,Verla,Blaw,Female,75125,31/08/1992,59,Brazil,18,29/12/2020,9,AUD
872,Allyce,Molden,Female,69432,15/06/1987,32,UAE,19,25/04/2020,14,AUD
873,Jocelin,Linner,Female,96624,11/10/1984,-14,Japan,12,17/10/2020,18,INR
874,Briant,Garnson,Female,123056,12/05/1980,-1,China,3,06/01/2020,16,AUD
875,Serena,Dominik,Female,123078,16/07/1984,51,India,13,13/04/2020,13,INR
876,Gabi,Peealess,Female,87409,29/07/1987,42,Sweden,1,10/06/2020,13,AUD
877,Hew,Duxbury,Female,80040,12/04/1981,42,Sweden,6,24/05/2020,11,INR
878,Torey,Amaya,Male,118791,06/11/1987,-17,UAE,4,04/07/2020,12,INR
879,Durante,Ewols,Female,124806,17/12/1982,11,China,5,29/09/2020,1,AUD
880,Lydia,Roycraft,Female,94010,21/01/1989,-1,China,17,07/10/2020,17,INR
881,Willem,Josephy,Female,74715,09/02/1981,7,China,6,08/07/2020,13,AUD
882,Annette,Martusewicz,Female,61494,30/01/1983,-7,Denmark,3,26/04/2020,14,AUD
883,Skye,Hierro,Male,124846,07/06/1981,6,China,1,18/12/2020,15,AUD
884,Pedro,Mincher,Male,125740,13/12/1988,-9,Brazil,1,21/02/2020,10,INR
885,Katusha,Mattussevich,Female,112087,07/03/1986,23,Canada,1,16/03/2020,8,INR
886,Mehetabel,Bratton,Female,72482,02/02/1990,32,Denmark,17,06/11/2020,4,AUD
887,Garrik,Louch,Male,118267,23/06/1985,47,USA,12,17/10/2020,20,AUD
888,Sergeant,Smiz,Male,129176,04/12/1989,41,India,3,27/07/2020,15,AUD
889,Gillan,Loddon,Female,84315,22/04/1987,27,Japan,8,01/12/2020,5,AUD
890,Francene,Bolliver,Female,119077,05/01/1985,37,Japan,12,24/02/2020,12,INR
891,Katrine,Redmore,Male,106367,19/09/1983,25,China,7,28/09/2020,10,INR
892,Kirbie,Stork,Female,124871,29/10/1989,25,Sweden,6,15/09/2020,12,INR
893,Anitra,Blades,Female,84347,27/04/1988,44,Denmark,14,14/02/2020,10,AUD
894,Cristionna,Cotgrove,Female,119593,31/12/1981,-6,India,15,09/10/2020,14,AUD
895,Teresita,Krystof,Female,72579,16/11/1982,-18,USA,13,17/04/2020,14,AUD
896,Loren,Sheeran,Male,97322,24/06/1992,53,Canada,20,16/05/2020,7,INR
897,Monah,St. Leger,Male,90841,16/10/1989,41,Denmark,13,13/12/2020,8,INR
898,Maurice,Casel,Female,63729,10/10/1989,33,China,20,07/06/2020,7,INR
899,Olag,Edrich,Male,63014,11/09/1985,-3,USA,3,18/06/2020,3,INR
900,Fleurette,Smidmore,Male,81551,01/02/1986,20,Sweden,11,29/08/2020,8,AUD
901,Bronny,Jouanot,Male,68026,22/02/1987,47,Germany,15,25/12/2020,5,AUD
902,Verne,Eick,Female,123057,21/08/1984,-4,Sweden,12,10/03/2020,8,INR
903,Ring,Blenkinsopp,Male,68344,27/07/1991,31,Sweden,5,13/01/2020,11,AUD
904,Maryjo,Duferie,Male,100056,18/09/1990,21,UAE,4,05/02/2020,15,INR
905,Fran,Neagle,Male,90872,20/01/1987,-9,Sweden,4,12/10/2020,12,AUD
906,Toddie,Gasticke,Female,115603,04/05/1991,22,Denmark,7,25/09/2020,11,AUD
907,Danny,Janousek,Male,87946,16/11/1984,59,Brazil,12,23/04/2020,11,AUD
908,Sharla,Bister,Male,112141,05/08/1990,23,Canada,5,13/12/2020,6,AUD
909,Tiebold,Hubball,Male,73814,29/08/1987,59,Sweden,14,01/07/2020,11,INR
910,Alana,Earsman,Female,65797,20/09/1980,21,Brazil,8,26/05/2020,4,INR
911,Mirabella,Radnedge,Female,105352,23/05/1989,47,Sweden,4,15/06/2020,14,INR
912,Jeffie,Noon,Female,66276,30/10/1986,-10,Japan,5,24/11/2020,16,AUD
913,Lisabeth,Bloys,Male,85465,12/11/1987,38,Brazil,18,15/03/2020,5,AUD
914,Friedrick,Mandrier,Female,76354,17/07/1983,-6,Sweden,6,01/12/2020,10,INR
915,Lona,Allred,Female,94714,30/09/1987,-11,Canada,5,25/02/2020,8,AUD
916,Rois,Cordy,Female,68617,16/09/1986,22,UAE,18,21/02/2020,5,AUD
917,Elijah,Dorning,Female,114254,12/04/1985,50,China,1,18/11/2020,8,INR
918,Catlaina,Feary,Male,68863,08/09/1987,53,USA,18,12/11/2020,13,AUD
919,Mariam,Duiguid,Female,111083,28/04/1983,-16,Germany,12,08/02/2020,5,INR
920,Nari,Gotecliffe,Female,120284,22/12/1986,46,UAE,15,10/09/2020,4,AUD
921,Tedmund,Parriss,Male,61643,26/01/1980,43,Canada,17,24/06/2020,14,INR
922,Ferd,Blase,Female,110852,16/03/1986,-2,USA,14,28/01/2020,9,AUD
923,Maurizia,Birch,Female,93991,29/10/1987,3,Brazil,17,16/11/2020,8,AUD
924,Lauretta,Latchford,Male,79771,12/03/1983,24,USA,7,01/05/2020,4,AUD
925,Washington,Enderwick,Male,86086,27/01/1991,23,Sweden,15,03/08/2020,4,INR
926,Pierre,MacConnulty,Male,126315,15/09/1992,12,Sweden,20,09/10/2020,6,INR
927,Pip,Ambrozik,Female,102766,21/12/1981,52,Denmark,3,09/04/2020,1,INR
928,Kienan,Tuftin,Male,117426,14/10/1988,-14,Sweden,10,29/05/2020,3,INR
929,Giacobo,Kapelhof,Female,90850,14/08/1985,55,India,10,11/06/2020,10,AUD
930,Petey,Comolli,Female,73698,30/12/1992,12,Sweden,14,12/09/2020,7,INR
931,Rufe,Dell,Female,113005,21/05/1991,59,India,14,04/02/2020,6,INR
932,Jorge,Millward,Male,88682,28/07/1987,-12,Australia,2,24/02/2020,4,AUD
933,Haze,Sharper,Female,64280,25/02/1984,6,Canada,7,03/07/2020,20,INR
934,Marsiella,Josselson,Female,128857,09/09/1983,36,UAE,19,23/07/2020,14,AUD
935,Tate,Shyre,Male,77886,18/11/1988,58,Germany,11,04/05/2020,2,INR
936,Clementine,Howison,Female,74422,17/12/1982,55,Germany,10,29/07/2020,2,INR
937,Tedda,Rodden,Female,83422,27/12/1985,-3,Canada,3,18/03/2020,1,INR
938,Dannie,Mesant,Female,126661,21/02/1984,49,China,3,01/04/2020,13,INR
939,Frederic,Lineham,Male,96050,10/05/1992,58,Brazil,1,25/04/2020,17,INR
940,Derron,Yushmanov,Male,90289,03/04/1987,51,Australia,2,09/12/2020,19,INR
941,Menard,Olivo,Male,111373,31/12/1984,43,Japan,10,28/09/2020,2,AUD
942,Weidar,Stannus,Male,71689,26/08/1982,24,UAE,14,28/12/2020,16,AUD
943,Aylmer,Shenley,Male,83385,31/10/1990,-11,China,15,04/05/2020,10,INR
944,Blair,Doumenc,Male,116965,04/02/1988,9,Canada,15,25/12/2020,1,AUD
945,Evan,Iacomelli,Male,70871,04/06/1989,46,Brazil,14,17/12/2020,7,INR
946,Dotti,Sebrens,Female,88393,24/03/1987,53,China,5,09/02/2020,14,AUD
947,Brittney,Harrod,Male,103730,14/03/1982,-8,Australia,11,14/09/2020,16,INR
948,Lucille,Revance,Male,66413,07/04/1988,0,Japan,12,27/12/2020,5,AUD
949,Essy,Theriot,Male,70877,05/03/1982,60,Canada,6,14/07/2020,8,INR
950,Vinny,Roux,Female,60972,17/10/1990,32,Germany,14,16/03/2020,13,INR
951,Sibilla,Dunseath,Male,90094,08/04/1987,7,USA,19,13/12/2020,10,INR
952,Northrup,MacIan,Male,101248,14/03/1990,60,Denmark,15,26/06/2020,19,INR
953,Manya,Brelsford,Female,103554,23/06/1986,27,Denmark,13,06/11/2020,1,AUD
954,Isak,Seine,Female,84933,09/03/1990,-9,Denmark,8,22/05/2020,7,AUD
955,Deck,McIlheran,Male,82590,01/03/1980,7,UAE,17,06/05/2020,9,INR
956,Lorrie,Blackster,Male,128602,31/10/1980,56,UAE,5,19/08/2020,9,INR
957,Mattie,Habble,Male,77524,05/09/1981,49,Canada,19,31/12/2020,15,AUD
958,Danika,Matanin,Male,121217,02/01/1984,-10,Japan,6,06/08/2020,8,INR
959,Clio,MacNamara,Female,111077,09/02/1983,51,Brazil,11,21/10/2020,11,AUD
960,Mabel,Aronstein,Female,126381,24/09/1987,55,Australia,11,19/08/2020,13,AUD
961,Filmer,McMarquis,Male,71343,11/05/1991,50,USA,13,18/04/2020,8,AUD
962,Christi,Panswick,Female,112915,15/01/1986,2,UAE,3,21/01/2020,6,AUD
963,Kearney,Colbourn,Male,122670,10/07/1989,-6,Canada,1,20/12/2020,9,AUD
964,Valene,Mosedale,Female,126094,23/05/1984,24,Japan,20,25/07/2020,6,AUD
965,Corenda,Sigfrid,Female,107882,03/09/1992,-4,Brazil,7,05/07/2020,15,AUD
966,Brandice,Showt,Female,123450,30/09/1991,26,Sweden,16,02/03/2020,14,INR
967,Wayland,Witty,Male,127613,19/09/1988,40,Germany,14,06/11/2020,18,INR
968,Kylie,Simeoni,Female,127439,15/09/1982,7,Japan,3,22/04/2020,4,INR
969,Jacenta,Thornbarrow,Female,125505,24/12/1988,36,Germany,16,16/03/2020,5,AUD
970,Sarajane,Vellender,Female,66853,23/09/1988,40,Japan,17,07/01/2020,20,AUD
971,Ave,Dibbert,Male,95282,01/05/1985,37,Denmark,13,28/01/2020,11,AUD
972,Yasmin,Barnsdall,Male,84327,17/10/1983,-10,China,14,19/05/2020,20,INR
973,Kevin,Tutill,Female,60922,12/04/1991,59,China,9,06/06/2020,20,INR
974,Brendis,Scritch,Male,94425,03/06/1983,46,Canada,5,25/02/2020,11,INR
975,Wood,Camin,Female,64586,01/09/1988,46,Brazil,11,29/06/2020,19,INR
976,Gladys,Mil,Female,79734,02/06/1991,58,USA,1,23/06/2020,11,AUD
977,Esteban,Antonetti,Female,105464,10/01/1980,24,China,16,20/10/2020,16,AUD
978,Larisa,Radloff,Female,107399,11/12/1981,22,Canada,15,12/11/2020,19,INR
979,Karissa,Conklin,Female,70900,15/09/1988,-8,China,18,28/10/2020,7,AUD
980,Reggis,Simenot,Female,87394,27/06/1987,26,Germany,15,02/06/2020,1,AUD
981,Silvano,Biffen,Male,126120,26/02/1980,58,Canada,9,08/12/2020,18,AUD
982,Liane,Laxton,Female,71837,13/07/1984,57,Sweden,8,07/04/2020,19,INR
983,Dacia,Pynner,Male,74434,27/04/1992,36,Canada,6,14/02/2020,6,INR
984,Claribel,Keppy,Male,124424,22/03/1989,53,Germany,15,06/08/2020,11,INR
985,Johnna,Robertz,Male,101430,21/08/1992,-15,UAE,16,09/02/2020,20,AUD
986,Cristine,Rubinow,Male,64730,29/04/1982,25,Brazil,10,28/12/2020,6,INR
987,Avram,Duckers,Female,96164,05/05/1992,20,India,16,20/02/2020,9,AUD
988,Arte,Wiggins,Male,75638,17/12/1991,2,Brazil,5,18/07/2020,3,INR
989,Sharona,Gregory,Male,106426,01/09/1984,29,Brazil,19,20/01/2020,5,AUD
990,Dilly,Jarley,Male,106474,18/06/1992,-11,Japan,15,19/11/2020,5,INR
991,Efren,Tribell,Female,117144,27/05/1991,22,Denmark,15,27/06/2020,2,INR
992,Clementine,Balogun,Male,115020,01/04/1988,2,Sweden,17,18/11/2020,15,AUD
993,Helen-elizabeth,Mersh,Male,102268,29/07/1984,14,Germany,16,07/12/2020,13,AUD
994,Mendel,Stuckow,Female,95290,12/06/1983,11,Sweden,14,04/03/2020,4,INR
995,Tricia,De Vries,Male,99720,14/05/1980,1,USA,4,01/02/2020,6,INR
996,Garrot,Batistelli,Male,80277,16/03/1980,-7,Germany,12,21/06/2020,19,AUD
997,Corby,Le feuvre,Female,108423,22/07/1982,-9,China,20,09/08/2020,10,INR
998,Phillida,Rake,Female,119284,07/12/1991,27,USA,17,30/04/2020,2,AUD
999,Carlee,Bolens,Male,111075,16/06/1986,36,Germany,10,02/12/2020,9,AUD
1000,Irina,Rivenzon,Male,61061,20/01/1987,28,Japan,5,31/07/2020,14,INR
